platform,title,summary,date,url,source
news,"Portland Police Respond to Protest Activity and Safety Concerns near ICE Building - City of Portland, Oregon (.gov)","<a href=""https://news.google.com/rss/articles/CBMiwgFBVV95cUxPMllkd0xzLVVpOHBvVjFXNkJNSjdmbjlocVZYTjcyTmg5LXpOQmlzRnJWT210SXFSUjlKRU42ckVPR21tWkNCYnBTNTB2SWh6ZDVJZ2RyVVlIOVZDS2xVQldnaEMyU2hGa055MGdjM3U1akdkXzB2c3B3clZlbEdDWGNoVEJ3TEhXSVhfTHpmT3lfUkc0UEN5MjBOSVpPNFZ1TUg2TUtxQ1RuNWxqYXNkSThUX0Q5dERPZi16MTdsVk9rUQ?oc=5"" target=""_blank"">Portland Police Respond to Protest Activity and Safety Concerns near ICE Building</a>&nbsp;&nbsp;<font color=""#6f6f6f"">City of Portland, Oregon (.gov)</font>","Mon, 09 Jun 2025 16:46:14 GMT",https://news.google.com/rss/articles/CBMiwgFBVV95cUxPMllkd0xzLVVpOHBvVjFXNkJNSjdmbjlocVZYTjcyTmg5LXpOQmlzRnJWT210SXFSUjlKRU42ckVPR21tWkNCYnBTNTB2SWh6ZDVJZ2RyVVlIOVZDS2xVQldnaEMyU2hGa055MGdjM3U1akdkXzB2c3B3clZlbEdDWGNoVEJ3TEhXSVhfTHpmT3lfUkc0UEN5MjBOSVpPNFZ1TUg2TUtxQ1RuNWxqYXNkSThUX0Q5dERPZi16MTdsVk9rUQ?oc=5,"City of Portland, Oregon (.gov)"
news,Anti-ICE protesters clash with police officers in chaotic confrontation in downtown LA - ABC7 Los Angeles,"<a href=""https://news.google.com/rss/articles/CBMisgFBVV95cUxQdWQtZGJ2QnlaaW44aVRWVVR4ZVRfTG9jRTZuUkxZOUdxckhLb25FQlBsNGs3V2hlbEVXS1U2VjRCMTNUQkdORkpQMWZBd1NzSU5VWFVaeU1keWhqNUt6NUpPX2c5aWJNd2xSdEcza2d6cTVhLVNBZWhRQzk5WFVoX25qa2RvRlZCRlRRRTdPakE1QUpPQXlmdDBLY3lEeVZTVWJGQmRHTkdWNmNvYUpvNzVB?oc=5"" target=""_blank"">Anti-ICE protesters clash with police officers in chaotic confrontation in downtown LA</a>&nbsp;&nbsp;<font color=""#6f6f6f"">ABC7 Los Angeles</font>","Mon, 09 Jun 2025 20:21:00 GMT",https://news.google.com/rss/articles/CBMisgFBVV95cUxQdWQtZGJ2QnlaaW44aVRWVVR4ZVRfTG9jRTZuUkxZOUdxckhLb25FQlBsNGs3V2hlbEVXS1U2VjRCMTNUQkdORkpQMWZBd1NzSU5VWFVaeU1keWhqNUt6NUpPX2c5aWJNd2xSdEcza2d6cTVhLVNBZWhRQzk5WFVoX25qa2RvRlZCRlRRRTdPakE1QUpPQXlmdDBLY3lEeVZTVWJGQmRHTkdWNmNvYUpvNzVB?oc=5,ABC7 Los Angeles
news,When does a protest become a riot? Experts weigh in amid unrest in LA - USA Today,"<a href=""https://news.google.com/rss/articles/CBMirAFBVV95cUxQSkhfal81STMtakRlMEZKUmVjc2xsVTh2ZmtLLTRsVDUzVU1uaURqMkFkRnVwSHY5MS1GdmJ4d200Vy1aLVFtcC1oTFdPb0FwdVJqLTEtQkh4M3FDX0xqa3ZHUFBBQVBNV042WVJOa3ppN2FZZENtNW1ocGgwOEVwNHlEd0RscmF6UGlpaUJxdmw2ZnFzM3dYT0o0elF3Yk1TWThsWmdkYlFZREs2?oc=5"" target=""_blank"">When does a protest become a riot? Experts weigh in amid unrest in LA</a>&nbsp;&nbsp;<font color=""#6f6f6f"">USA Today</font>","Mon, 09 Jun 2025 17:49:36 GMT",https://news.google.com/rss/articles/CBMirAFBVV95cUxQSkhfal81STMtakRlMEZKUmVjc2xsVTh2ZmtLLTRsVDUzVU1uaURqMkFkRnVwSHY5MS1GdmJ4d200Vy1aLVFtcC1oTFdPb0FwdVJqLTEtQkh4M3FDX0xqa3ZHUFBBQVBNV042WVJOa3ppN2FZZENtNW1ocGgwOEVwNHlEd0RscmF6UGlpaUJxdmw2ZnFzM3dYT0o0elF3Yk1TWThsWmdkYlFZREs2?oc=5,USA Today
news,Philadelphia 'No Kings' protest will be flagship event; see anti Trump protests in PA - PhillyBurbs,"<a href=""https://news.google.com/rss/articles/CBMi8AFBVV95cUxNYm11Ni1FaVY0NHVsN3ZJM1NOcWp2cENQdlk1SC14Smw2Nmh4WDBxMHNYbUpMYk1lUkhzV091VDFJeHhPdVd6TXJheUhGc0Y3dmk3eHltb3NEMVhjeVV2Yk9oWk1CaDFoajdsRlM5LXdSdXRXSUNOZC1kcGlfOW83dVIzek5hemk4RlpCVV9lbElrWWdPVkFUdzk2d0l6a3pUbElfZU51cmI5Tkw1VldBQjAzdndjdDFibzI2VjJuUDhnNnVIcU5ScnFvc0VjMUN0Zk1PVVB4dFB5X0FRcjFSNXU1cGtoUjV3Nzl1U2l3cG8?oc=5"" target=""_blank"">Philadelphia 'No Kings' protest will be flagship event; see anti Trump protests in PA</a>&nbsp;&nbsp;<font color=""#6f6f6f"">PhillyBurbs</font>","Mon, 09 Jun 2025 18:22:44 GMT",https://news.google.com/rss/articles/CBMi8AFBVV95cUxNYm11Ni1FaVY0NHVsN3ZJM1NOcWp2cENQdlk1SC14Smw2Nmh4WDBxMHNYbUpMYk1lUkhzV091VDFJeHhPdVd6TXJheUhGc0Y3dmk3eHltb3NEMVhjeVV2Yk9oWk1CaDFoajdsRlM5LXdSdXRXSUNOZC1kcGlfOW83dVIzek5hemk4RlpCVV9lbElrWWdPVkFUdzk2d0l6a3pUbElfZU51cmI5Tkw1VldBQjAzdndjdDFibzI2VjJuUDhnNnVIcU5ScnFvc0VjMUN0Zk1PVVB4dFB5X0FRcjFSNXU1cGtoUjV3Nzl1U2l3cG8?oc=5,PhillyBurbs
news,"Trump LA protest response risks turning US military into political force, veterans warn - The Guardian","<a href=""https://news.google.com/rss/articles/CBMikwFBVV95cUxQSlEtOGxCbm84VmU4U2NSMmF2cmpxaExwOFdQS0RXN2wteVdmd09oXzUwN05IRlMtTHdUajdLVTJUYWgwZTBxSm1URFByOTZRa0RGbWQtNjZ3SXBaYkxQRk9Sb0h5NHVXcm15MVpDQmRLZXZfNXBpMXdyTTNJRHVVaFlWWDgxZmlxRFkzQW5ON2lneHc?oc=5"" target=""_blank"">Trump LA protest response risks turning US military into political force, veterans warn</a>&nbsp;&nbsp;<font color=""#6f6f6f"">The Guardian</font>","Mon, 09 Jun 2025 19:54:00 GMT",https://news.google.com/rss/articles/CBMikwFBVV95cUxQSlEtOGxCbm84VmU4U2NSMmF2cmpxaExwOFdQS0RXN2wteVdmd09oXzUwN05IRlMtTHdUajdLVTJUYWgwZTBxSm1URFByOTZRa0RGbWQtNjZ3SXBaYkxQRk9Sb0h5NHVXcm15MVpDQmRLZXZfNXBpMXdyTTNJRHVVaFlWWDgxZmlxRFkzQW5ON2lneHc?oc=5,The Guardian
news,L.A. Protests in Photos - The New York Times,"<a href=""https://news.google.com/rss/articles/CBMifkFVX3lxTE9jbXEycDZGcVprV1BNdnpmQi1wY0lfWUEyd24xLXNKWXNHT2dqOG5uc25qZjBIX0tERXc0cmxSSjhQaXlsaDluZkhvd0dzanVvY24yaVhXbV9rZHViSHo2aUtDaG52c3dwZjg4TFlpcGc0QTBSOUhBREdLZ1ZjZw?oc=5"" target=""_blank"">L.A. Protests in Photos</a>&nbsp;&nbsp;<font color=""#6f6f6f"">The New York Times</font>","Mon, 09 Jun 2025 21:20:00 GMT",https://news.google.com/rss/articles/CBMifkFVX3lxTE9jbXEycDZGcVprV1BNdnpmQi1wY0lfWUEyd24xLXNKWXNHT2dqOG5uc25qZjBIX0tERXc0cmxSSjhQaXlsaDluZkhvd0dzanVvY24yaVhXbV9rZHViSHo2aUtDaG52c3dwZjg4TFlpcGc0QTBSOUhBREdLZ1ZjZw?oc=5,The New York Times
news,"Hundreds gather in Houston and San Antonio to protest immigration crackdowns in workplaces, courthouses - The Texas Tribune","<a href=""https://news.google.com/rss/articles/CBMihgFBVV95cUxNOTlYY0RuOExSd2VlRDRLMVlKY1NrWDZ5WWZVM0VPcmg4Z1RyTzlwOUg3OVEtS3FQYXVBM2FSVDZNVXB5NXFlZ2M2R05BTDFiMFlScGVKeC0zam9kSTZoV2RCNnRDS2owMEpGaU5QbWRXNUptcGJmNHVMQTBOTmFicUNaRUpFUQ?oc=5"" target=""_blank"">Hundreds gather in Houston and San Antonio to protest immigration crackdowns in workplaces, courthouses</a>&nbsp;&nbsp;<font color=""#6f6f6f"">The Texas Tribune</font>","Mon, 09 Jun 2025 01:19:19 GMT",https://news.google.com/rss/articles/CBMihgFBVV95cUxNOTlYY0RuOExSd2VlRDRLMVlKY1NrWDZ5WWZVM0VPcmg4Z1RyTzlwOUg3OVEtS3FQYXVBM2FSVDZNVXB5NXFlZ2M2R05BTDFiMFlScGVKeC0zam9kSTZoV2RCNnRDS2owMEpGaU5QbWRXNUptcGJmNHVMQTBOTmFicUNaRUpFUQ?oc=5,The Texas Tribune
news,‘Everybody stood up’: Why a union leader’s arrest galvanized California Democrats on immigration - CalMatters,"<a href=""https://news.google.com/rss/articles/CBMihwFBVV95cUxNTVRjdm9WeXFEd3BaYnR6MGZIM1E1YWQtUVkwZFBJbXk1aXRpNE5xM1oyaFFFT2g5Vm83VXVrUE1VUEl2NGFQS0ZSbGd2cTNVamhPNk9ZY24yVUdmYUtZZzZ6a1dvZ1dwNXowYVE3U0RtNS1oWVZNS1UyeDhTaXR3V0NBYkdiNjA?oc=5"" target=""_blank"">‘Everybody stood up’: Why a union leader’s arrest galvanized California Democrats on immigration</a>&nbsp;&nbsp;<font color=""#6f6f6f"">CalMatters</font>","Mon, 09 Jun 2025 12:30:00 GMT",https://news.google.com/rss/articles/CBMihwFBVV95cUxNTVRjdm9WeXFEd3BaYnR6MGZIM1E1YWQtUVkwZFBJbXk1aXRpNE5xM1oyaFFFT2g5Vm83VXVrUE1VUEl2NGFQS0ZSbGd2cTNVamhPNk9ZY24yVUdmYUtZZzZ6a1dvZ1dwNXowYVE3U0RtNS1oWVZNS1UyeDhTaXR3V0NBYkdiNjA?oc=5,CalMatters
news,"Camp Pendleton Marines deployed to L.A.; after ICE protest, union leader faces a federal charge - Los Angeles Times","<a href=""https://news.google.com/rss/articles/CBMijgFBVV95cUxPQW9JX1lfUVcxQk9BNnkzX2o5bk5laEpOVzRZVDJpOVdCUzE2V1B6SWVyakpHaDA5SzJwQkFwVno2ME9yM3o0cVo5b09iWVRua0xnVzc0VGllUldyWGFlM3k5Z25GT3pDaEFFeThabHZKeURNdVRmd1pvbFVZbjJSNjdvUzEwbDJDemk1UUpB?oc=5"" target=""_blank"">Camp Pendleton Marines deployed to L.A.; after ICE protest, union leader faces a federal charge</a>&nbsp;&nbsp;<font color=""#6f6f6f"">Los Angeles Times</font>","Mon, 09 Jun 2025 21:42:49 GMT",https://news.google.com/rss/articles/CBMijgFBVV95cUxPQW9JX1lfUVcxQk9BNnkzX2o5bk5laEpOVzRZVDJpOVdCUzE2V1B6SWVyakpHaDA5SzJwQkFwVno2ME9yM3o0cVo5b09iWVRua0xnVzc0VGllUldyWGFlM3k5Z25GT3pDaEFFeThabHZKeURNdVRmd1pvbFVZbjJSNjdvUzEwbDJDemk1UUpB?oc=5,Los Angeles Times
news,"Sheriff says riot in Tennessee prison is contained, inmates back in cells - CBS News","<a href=""https://news.google.com/rss/articles/CBMibkFVX3lxTE5RLTRBTVVUVlRZcS1lVjA2QTR1blMtSXJPc0ZmeHYyOTZ5OGV1TjRBMmx4TmtRU202dnZjRlF1al82U3ExMjExUjFwTkY2NUZkdnpUdlZHWFFpcUJRLWNEVGFFOF9FR24zMHpNSkFR0gFzQVVfeXFMTjZ2d2ZjSFRMNlNDcVA5QWhlV285WFNkUXRYR2N2QW9rd2szMXJLZHRnNVlMRzI2dHUtQmpjVV9md3MwYnN2YkQwelo5M2ZHMUQzdUtkRDZUbkV0RHNodWlYZlJtUS1iN0NpR3M4cVRmaXhqQQ?oc=5"" target=""_blank"">Sheriff says riot in Tennessee prison is contained, inmates back in cells</a>&nbsp;&nbsp;<font color=""#6f6f6f"">CBS News</font>","Mon, 09 Jun 2025 17:13:00 GMT",https://news.google.com/rss/articles/CBMibkFVX3lxTE5RLTRBTVVUVlRZcS1lVjA2QTR1blMtSXJPc0ZmeHYyOTZ5OGV1TjRBMmx4TmtRU202dnZjRlF1al82U3ExMjExUjFwTkY2NUZkdnpUdlZHWFFpcUJRLWNEVGFFOF9FR24zMHpNSkFR0gFzQVVfeXFMTjZ2d2ZjSFRMNlNDcVA5QWhlV285WFNkUXRYR2N2QW9rd2szMXJLZHRnNVlMRzI2dHUtQmpjVV9md3MwYnN2YkQwelo5M2ZHMUQzdUtkRDZUbkV0RHNodWlYZlJtUS1iN0NpR3M4cVRmaXhqQQ?oc=5,CBS News
news,Live updates: About 700 Marines mobilized to support National Guard in LA - NBC4 Los Angeles,"<a href=""https://news.google.com/rss/articles/CBMigwFBVV95cUxQZEYwR3hCUXNDOU5aeHRkRVZKaFpsUHoyb2YwU3hBZXl4MUZMQ3hlX1FpSHoxMEdNQ2RncnVjNTZMV2szZE1VYTVNenlyWE1pQ3lwWWwtN2pfaWhoeWs5Mmp5Q2JDR01GNG9iUjhoWHNlNHBjdWoydmk2ZzhxYm9RTGxwVdIBiwFBVV95cUxPMjQxZl9vdFdQb05tbGVOaEo3bFRaMFRfTTRaTFg4eWpndW5uc2JQdnNQLWtzZVRQY1dIRFlLN2E3bURNcTNtWTlRYVB0VGJvLVFzbktKMzRPOGF2NkZPTkdsci1yQnFuZUswMTdyZFpNRTJmcVJpZW85ZG1iQldXYUlsX1h4dGVFZTJF?oc=5"" target=""_blank"">Live updates: About 700 Marines mobilized to support National Guard in LA</a>&nbsp;&nbsp;<font color=""#6f6f6f"">NBC4 Los Angeles</font>","Mon, 09 Jun 2025 21:56:14 GMT",https://news.google.com/rss/articles/CBMigwFBVV95cUxQZEYwR3hCUXNDOU5aeHRkRVZKaFpsUHoyb2YwU3hBZXl4MUZMQ3hlX1FpSHoxMEdNQ2RncnVjNTZMV2szZE1VYTVNenlyWE1pQ3lwWWwtN2pfaWhoeWs5Mmp5Q2JDR01GNG9iUjhoWHNlNHBjdWoydmk2ZzhxYm9RTGxwVdIBiwFBVV95cUxPMjQxZl9vdFdQb05tbGVOaEo3bFRaMFRfTTRaTFg4eWpndW5uc2JQdnNQLWtzZVRQY1dIRFlLN2E3bURNcTNtWTlRYVB0VGJvLVFzbktKMzRPOGF2NkZPTkdsci1yQnFuZUswMTdyZFpNRTJmcVJpZW85ZG1iQldXYUlsX1h4dGVFZTJF?oc=5,NBC4 Los Angeles
news,Los Angeles immigration protest clashes: What’s the latest and what’s next? - Al Jazeera,"<a href=""https://news.google.com/rss/articles/CBMiqgFBVV95cUxQUWEtTHRxYS1LMksyWnNzR2laSVVNakpiNEE2RHJOcFpwQ2tscHVaRXlzUWVQXzNHalF6MDZyQldXQnFYV3YyV3VHWWpKam9pZGdrR0t5czNIWVVmSlJmZnBUbmh4X1NwQ241WXJuY3F0NDZ1VFRVUmpuMGFRcWgzbE1aX0Z1bnM1c1lpYWNXOE9EUWpROGl0UldQd1Q2aHBvbUJ1ekViZjFsUdIBrwFBVV95cUxNaTh3THR2N1pvUnpoNWZKcFJLUzZORWZhWk1rTWRMbjJLWWxIR1FNc09QYTJHT1lrS0RzV2VGcVZncl9PUFVfWE9JQ3RBb2lsVFB0clFvQkdCbUpIMWd4MWMtSjNpTVBFQ2VZNHVUY21TS2d3aFVUZ0NLSXJkbkFkd25USGVDZzYyQll5MWVXUkNELS1MRmZ1S3NBTmlRQkR0SDZFam1DN1ctZzlzQ3JN?oc=5"" target=""_blank"">Los Angeles immigration protest clashes: What’s the latest and what’s next?</a>&nbsp;&nbsp;<font color=""#6f6f6f"">Al Jazeera</font>","Mon, 09 Jun 2025 15:38:32 GMT",https://news.google.com/rss/articles/CBMiqgFBVV95cUxQUWEtTHRxYS1LMksyWnNzR2laSVVNakpiNEE2RHJOcFpwQ2tscHVaRXlzUWVQXzNHalF6MDZyQldXQnFYV3YyV3VHWWpKam9pZGdrR0t5czNIWVVmSlJmZnBUbmh4X1NwQ241WXJuY3F0NDZ1VFRVUmpuMGFRcWgzbE1aX0Z1bnM1c1lpYWNXOE9EUWpROGl0UldQd1Q2aHBvbUJ1ekViZjFsUdIBrwFBVV95cUxNaTh3THR2N1pvUnpoNWZKcFJLUzZORWZhWk1rTWRMbjJLWWxIR1FNc09QYTJHT1lrS0RzV2VGcVZncl9PUFVfWE9JQ3RBb2lsVFB0clFvQkdCbUpIMWd4MWMtSjNpTVBFQ2VZNHVUY21TS2d3aFVUZ0NLSXJkbkFkd25USGVDZzYyQll5MWVXUkNELS1MRmZ1S3NBTmlRQkR0SDZFam1DN1ctZzlzQ3JN?oc=5,Al Jazeera
news,Several hundred NIH employees sign a letter of protest to the agency’s director - statnews.com,"<a href=""https://news.google.com/rss/articles/CBMiqwFBVV95cUxNMXNhbTVVM0lsZWdRbTFPcVJLdUZaMlk0Y3BpR3hxRnZJUVNxNFZlZnlSamZYS1NDbEhVVnFyMm5uUjRlWE1BX0V2SUNLd2tHV3pCd0lTNnJENkVNWndkY19pZUxVMml4WC0xSEI3NDYwc21HU0RLZFAxYU1zM3dZY1FSU1RSYTl6blRYa0ZJWmNlTlUzM0Zzb0JDX0FpVjEwbWt4MUVUVUJzaVU?oc=5"" target=""_blank"">Several hundred NIH employees sign a letter of protest to the agency’s director</a>&nbsp;&nbsp;<font color=""#6f6f6f"">statnews.com</font>","Mon, 09 Jun 2025 14:33:45 GMT",https://news.google.com/rss/articles/CBMiqwFBVV95cUxNMXNhbTVVM0lsZWdRbTFPcVJLdUZaMlk0Y3BpR3hxRnZJUVNxNFZlZnlSamZYS1NDbEhVVnFyMm5uUjRlWE1BX0V2SUNLd2tHV3pCd0lTNnJENkVNWndkY19pZUxVMml4WC0xSEI3NDYwc21HU0RLZFAxYU1zM3dZY1FSU1RSYTl6blRYa0ZJWmNlTlUzM0Zzb0JDX0FpVjEwbWt4MUVUVUJzaVU?oc=5,statnews.com
news,"42 arrested, 5 LAPD officers hurt in immigration protest unrest - KTLA","<a href=""https://news.google.com/rss/articles/CBMinAFBVV95cUxNWVFTNTQ4MnNYV3RXeXRhWHJtd3hjeWh0UHZ5WnFaOXpOQnhpR3RDRkcwdk5rNzFNYmpMckV6bE1waEJVZ1FNcnNFUGV2aUsxdkRISkdjRVVlWXloelNnNC1CcFZZV2RES0dBV01LckM0eC1aMU5nd1JxS3dCemlLZ25OZHpTdGwxNHVmczFHeExJZmsxRDF5RVZsV0bSAaIBQVVfeXFMUHFSNjI0czI0YU5XSUtHT2l3Ti1OaWcxek1zQlNPRkJUVzgzMkRuRkRUYWU2V3pTUzlhbVV5OHFwaVNPUEpHaVhLa295ak8tdEM4RkJPYXlYRGZLN3JKMmdKbktIRlFYSDRtbGQ1cHl3d2ZHcFZvY21GVHJSeUZfbldZX0V1MG5RMi1xd2owQTBCa2xndkpza3gtUmpPMmpQS0JB?oc=5"" target=""_blank"">42 arrested, 5 LAPD officers hurt in immigration protest unrest</a>&nbsp;&nbsp;<font color=""#6f6f6f"">KTLA</font>","Mon, 09 Jun 2025 15:04:00 GMT",https://news.google.com/rss/articles/CBMinAFBVV95cUxNWVFTNTQ4MnNYV3RXeXRhWHJtd3hjeWh0UHZ5WnFaOXpOQnhpR3RDRkcwdk5rNzFNYmpMckV6bE1waEJVZ1FNcnNFUGV2aUsxdkRISkdjRVVlWXloelNnNC1CcFZZV2RES0dBV01LckM0eC1aMU5nd1JxS3dCemlLZ25OZHpTdGwxNHVmczFHeExJZmsxRDF5RVZsV0bSAaIBQVVfeXFMUHFSNjI0czI0YU5XSUtHT2l3Ti1OaWcxek1zQlNPRkJUVzgzMkRuRkRUYWU2V3pTUzlhbVV5OHFwaVNPUEpHaVhLa295ak8tdEM4RkJPYXlYRGZLN3JKMmdKbktIRlFYSDRtbGQ1cHl3d2ZHcFZvY21GVHJSeUZfbldZX0V1MG5RMi1xd2owQTBCa2xndkpza3gtUmpPMmpQS0JB?oc=5,KTLA
news,US deploys Marines to Los Angeles as Trump backs arrest of California governor - Reuters,"<a href=""https://news.google.com/rss/articles/CBMirgFBVV95cUxOTC1uZWo4UnltcUtPbk9TYTN2V1lvMlFmbWdqNzNCZDJQbkdwb2pnX2FPNWFYY09TZ1RVMnFuMk0xOEVKSWUtQjQ0TkRnZ3R4cVNUcnlUS2l5NTVMVG80azFfQUthbGFkblE4MzFFN190Z3FjSzZ2RTktNjRySy1RMngtVXVyMGNMOFJEQU1TXzZzaTA1dlA0cXhaRVlteEMzNEI1dkJZWnM4eVhCSVE?oc=5"" target=""_blank"">US deploys Marines to Los Angeles as Trump backs arrest of California governor</a>&nbsp;&nbsp;<font color=""#6f6f6f"">Reuters</font>","Mon, 09 Jun 2025 20:49:40 GMT",https://news.google.com/rss/articles/CBMirgFBVV95cUxOTC1uZWo4UnltcUtPbk9TYTN2V1lvMlFmbWdqNzNCZDJQbkdwb2pnX2FPNWFYY09TZ1RVMnFuMk0xOEVKSWUtQjQ0TkRnZ3R4cVNUcnlUS2l5NTVMVG80azFfQUthbGFkblE4MzFFN190Z3FjSzZ2RTktNjRySy1RMngtVXVyMGNMOFJEQU1TXzZzaTA1dlA0cXhaRVlteEMzNEI1dkJZWnM4eVhCSVE?oc=5,Reuters
news,"Over 150 Arrested in SF Protest, Dozens More Than Police First Reported - KQED","<a href=""https://news.google.com/rss/articles/CBMirwFBVV95cUxPc0NhSkpuN0puNWxIc1ZTZ2djSUJDTTdnN3h4Q21VbEt2WUU0UHJUcEpUNGdkRlpaYmJ4VVhKVTVIRVZCd0xsb3dKUS05dlV6dEk4YmlMOVQ0WmpleURzcWFzQ0xadkk1MFpSUnhGSEZVZC14U00wdnhGMUVjdS1WbVZ5bk1ZX01oemhRWEZ4QmduWW90bWlQdVlQbVpRY1hvTkpYai1LRWE3SkRscGVZ?oc=5"" target=""_blank"">Over 150 Arrested in SF Protest, Dozens More Than Police First Reported</a>&nbsp;&nbsp;<font color=""#6f6f6f"">KQED</font>","Mon, 09 Jun 2025 18:00:27 GMT",https://news.google.com/rss/articles/CBMirwFBVV95cUxPc0NhSkpuN0puNWxIc1ZTZ2djSUJDTTdnN3h4Q21VbEt2WUU0UHJUcEpUNGdkRlpaYmJ4VVhKVTVIRVZCd0xsb3dKUS05dlV6dEk4YmlMOVQ0WmpleURzcWFzQ0xadkk1MFpSUnhGSEZVZC14U00wdnhGMUVjdS1WbVZ5bk1ZX01oemhRWEZ4QmduWW90bWlQdVlQbVpRY1hvTkpYai1LRWE3SkRscGVZ?oc=5,KQED
news,The Most Memorable Photos of Protests Erupting in Los Angeles Over Immigration Raids - Time Magazine,"<a href=""https://news.google.com/rss/articles/CBMiZkFVX3lxTE9sSTdkaV9YdVNDbGVQY2ZPYnN0UHdlXzhVX2JLUDJDa0dJLXNwbWV6aF9wdjJIYmxXUkJYQlZ4R29DZHRvcGFJTmE3Q0k4YW9LQkRpTGFvSDBJM1h5c0Nic0Zsa0tqUQ?oc=5"" target=""_blank"">The Most Memorable Photos of Protests Erupting in Los Angeles Over Immigration Raids</a>&nbsp;&nbsp;<font color=""#6f6f6f"">Time Magazine</font>","Mon, 09 Jun 2025 15:47:26 GMT",https://news.google.com/rss/articles/CBMiZkFVX3lxTE9sSTdkaV9YdVNDbGVQY2ZPYnN0UHdlXzhVX2JLUDJDa0dJLXNwbWV6aF9wdjJIYmxXUkJYQlZ4R29DZHRvcGFJTmE3Q0k4YW9LQkRpTGFvSDBJM1h5c0Nic0Zsa0tqUQ?oc=5,Time Magazine
news,"Dozens arrested for attempted murder, looting, arson and other crimes in LA violence - NBC4 Los Angeles","<a href=""https://news.google.com/rss/articles/CBMieEFVX3lxTE5hbkRtZl9QZ1ZDNXYxT2Z3TjV6dVl3RkhWRERORE4yemlIenlVSFFtN3lwU0tDRlh4VFU5ajVJSTRMQmFqNWRqSHBfNXlad1oyNU0wNEdxaVROXy1PQU9Cc3BobU5qUGw1N19YbVRra0FSc2ZNUS1BQ9IBgAFBVV95cUxQU3Z5bHgzeU9XcE1HSzB4cHJtal9CczhWazF2ZHkxUjBKdkZITFQwVWFybWxjMDVoUG1BbEJYSFlMS0U5Z3diSi1HcWZUclIyUjVJektsamU3X1BkYVFJdHh0RnVfQXlHdXI5REw0dEEzYWl2a3pjX05tMEJnSFJVbg?oc=5"" target=""_blank"">Dozens arrested for attempted murder, looting, arson and other crimes in LA violence</a>&nbsp;&nbsp;<font color=""#6f6f6f"">NBC4 Los Angeles</font>","Mon, 09 Jun 2025 15:09:14 GMT",https://news.google.com/rss/articles/CBMieEFVX3lxTE5hbkRtZl9QZ1ZDNXYxT2Z3TjV6dVl3RkhWRERORE4yemlIenlVSFFtN3lwU0tDRlh4VFU5ajVJSTRMQmFqNWRqSHBfNXlad1oyNU0wNEdxaVROXy1PQU9Cc3BobU5qUGw1N19YbVRra0FSc2ZNUS1BQ9IBgAFBVV95cUxQU3Z5bHgzeU9XcE1HSzB4cHJtal9CczhWazF2ZHkxUjBKdkZITFQwVWFybWxjMDVoUG1BbEJYSFlMS0U5Z3diSi1HcWZUclIyUjVJektsamU3X1BkYVFJdHh0RnVfQXlHdXI5REw0dEEzYWl2a3pjX05tMEJnSFJVbg?oc=5,NBC4 Los Angeles
news,A Solidarity Protest in San Francisco Turns Violent - The New York Times,"<a href=""https://news.google.com/rss/articles/CBMiggFBVV95cUxOT1NwT0QySVMwVlNnbXZHcC16MWM4MDdXRmdrU2F6N29aNmphVXJCR2RjUldUek8yT2pNQUEwc3JXc1NuemZWZ3lCV0x5QUsxbk02djA3cHctZ0wwX05OdGhTWnRDbnZrR0Z2Uk9vdjNYZEwweHJEM19hbk1lTGRkaEVB?oc=5"" target=""_blank"">A Solidarity Protest in San Francisco Turns Violent</a>&nbsp;&nbsp;<font color=""#6f6f6f"">The New York Times</font>","Mon, 09 Jun 2025 05:20:37 GMT",https://news.google.com/rss/articles/CBMiggFBVV95cUxOT1NwT0QySVMwVlNnbXZHcC16MWM4MDdXRmdrU2F6N29aNmphVXJCR2RjUldUek8yT2pNQUEwc3JXc1NuemZWZ3lCV0x5QUsxbk02djA3cHctZ0wwX05OdGhTWnRDbnZrR0Z2Uk9vdjNYZEwweHJEM19hbk1lTGRkaEVB?oc=5,The New York Times
news,"Downtown L.A. hit by widespread vandalism, damage as city struggles to calm unrest - Los Angeles Times","<a href=""https://news.google.com/rss/articles/CBMilAFBVV95cUxOaWMyRjBUQXBCM0J6VDJWUnc5eWpybllFLXh6NUpmQUhFR2RrYUIwVDRhWkZTelplbV9ZTVFsTXVxdlhiMVVBek1CbUdvckRxazRTTVQ2anVaZHZHNDhsU1ZHZFZ0M0doVy1scG1FWVZoamF0cmhpQndXcVBzSXkwdmN4dUtXNWFRLXp6QXNVUkF2NFRN?oc=5"" target=""_blank"">Downtown L.A. hit by widespread vandalism, damage as city struggles to calm unrest</a>&nbsp;&nbsp;<font color=""#6f6f6f"">Los Angeles Times</font>","Mon, 09 Jun 2025 20:14:34 GMT",https://news.google.com/rss/articles/CBMilAFBVV95cUxOaWMyRjBUQXBCM0J6VDJWUnc5eWpybllFLXh6NUpmQUhFR2RrYUIwVDRhWkZTelplbV9ZTVFsTXVxdlhiMVVBek1CbUdvckRxazRTTVQ2anVaZHZHNDhsU1ZHZFZ0M0doVy1scG1FWVZoamF0cmhpQndXcVBzSXkwdmN4dUtXNWFRLXp6QXNVUkF2NFRN?oc=5,Los Angeles Times
news,"LA Protests Live: Trump and Newsom clash, Marines deployed - Reuters","<a href=""https://news.google.com/rss/articles/CBMivgFBVV95cUxQeUVXQkVjZTk2MjFEYm5nOHd0Y3VsNjEzMVB0YlhwVTZ0YllvZ3U1ZjYwWkRaek8xMnE3anlhSThqOWlWRmxWZWVTUkpfVXJmN2ZKeWFQTzVTQWFleVlqNXc1MUZjaFpsR0Mtd0JwdnVocWlBMlZnRWRLX0JiNGNLR0docG82ODNqUURqTTZMdjktNzdfQ01yU3Q5QW1wLVJILWhrb2NxcEFMZVZkbXZEZlF0cDdjRnY4NlFfVHR3?oc=5"" target=""_blank"">LA Protests Live: Trump and Newsom clash, Marines deployed</a>&nbsp;&nbsp;<font color=""#6f6f6f"">Reuters</font>","Mon, 09 Jun 2025 11:54:27 GMT",https://news.google.com/rss/articles/CBMivgFBVV95cUxQeUVXQkVjZTk2MjFEYm5nOHd0Y3VsNjEzMVB0YlhwVTZ0YllvZ3U1ZjYwWkRaek8xMnE3anlhSThqOWlWRmxWZWVTUkpfVXJmN2ZKeWFQTzVTQWFleVlqNXc1MUZjaFpsR0Mtd0JwdnVocWlBMlZnRWRLX0JiNGNLR0docG82ODNqUURqTTZMdjktNzdfQ01yU3Q5QW1wLVJILWhrb2NxcEFMZVZkbXZEZlF0cDdjRnY4NlFfVHR3?oc=5,Reuters
news,"Tennessee prison riot: 4 injured including guard, lockdown in effect - USA Today","<a href=""https://news.google.com/rss/articles/CBMiwwFBVV95cUxONlA3SEtMYi1oamRNODVIVTl0bmhvVVpTNU1NQ2dRMXJ2RndmSVdCUUtYdWFCYzRiSDk1LXFHVU54Q1Z3TDBxUHJjbnhSNDBIMDBDOU5JYWRiTjdENURKaWNnbmpKNGxwQ25CVTJlYzk4WkhlajBRVnQ1SjlEYTZYTk9tVm1tb2JMUFFXdDdwTGMwQ0Y4dE4yYXRSX1Jpc1NVWFlHakdMdGstNDhGMk4yQmN4YmFyRkV5U1lVQW84cmQ4dVk?oc=5"" target=""_blank"">Tennessee prison riot: 4 injured including guard, lockdown in effect</a>&nbsp;&nbsp;<font color=""#6f6f6f"">USA Today</font>","Mon, 09 Jun 2025 16:37:56 GMT",https://news.google.com/rss/articles/CBMiwwFBVV95cUxONlA3SEtMYi1oamRNODVIVTl0bmhvVVpTNU1NQ2dRMXJ2RndmSVdCUUtYdWFCYzRiSDk1LXFHVU54Q1Z3TDBxUHJjbnhSNDBIMDBDOU5JYWRiTjdENURKaWNnbmpKNGxwQ25CVTJlYzk4WkhlajBRVnQ1SjlEYTZYTk9tVm1tb2JMUFFXdDdwTGMwQ0Y4dE4yYXRSX1Jpc1NVWFlHakdMdGstNDhGMk4yQmN4YmFyRkV5U1lVQW84cmQ4dVk?oc=5,USA Today
news,"Recap: Waymo cars burn, demonstrators block freeway on third day of LA protests - NBC4 Los Angeles","<a href=""https://news.google.com/rss/articles/CBMiigFBVV95cUxNSFJVUm90X3NkeEgxNFo5SHJvLUdPRUh3aGl0ZWlUaDU5YWtCT0d0OGxCMDVDZXRCbUtBVzRZQ1pkcVNvTm11TXVIZ1diQUxkS2xTMllQc2YxUGRGaGRNaFZGaGxTQTBqM3RlX3pCRl8wODVWZmhWQkg1Wm9feUY2dFdhVW9wT2VwMFHSAZIBQVVfeXFMTk5HVzhoWElpTWN5ZkU4dndkdnR6ZGNMMkFCdy1VeXFSNG5mckVkSldrTTdhdjlzWDNQZVd5WGRsX0ZWMUYtWnh4bTBSNXlJVWltZ0pjczkzdFhZT1lIdTk2M3MwNlVtZU1wT3hmbkxCMy0yYUZ5Y3VGX2RyME1VUWZ1ZkdsSzJ2OVNnWWYxd0pwckE?oc=5"" target=""_blank"">Recap: Waymo cars burn, demonstrators block freeway on third day of LA protests</a>&nbsp;&nbsp;<font color=""#6f6f6f"">NBC4 Los Angeles</font>","Mon, 09 Jun 2025 07:20:46 GMT",https://news.google.com/rss/articles/CBMiigFBVV95cUxNSFJVUm90X3NkeEgxNFo5SHJvLUdPRUh3aGl0ZWlUaDU5YWtCT0d0OGxCMDVDZXRCbUtBVzRZQ1pkcVNvTm11TXVIZ1diQUxkS2xTMllQc2YxUGRGaGRNaFZGaGxTQTBqM3RlX3pCRl8wODVWZmhWQkg1Wm9feUY2dFdhVW9wT2VwMFHSAZIBQVVfeXFMTk5HVzhoWElpTWN5ZkU4dndkdnR6ZGNMMkFCdy1VeXFSNG5mckVkSldrTTdhdjlzWDNQZVd5WGRsX0ZWMUYtWnh4bTBSNXlJVWltZ0pjczkzdFhZT1lIdTk2M3MwNlVtZU1wT3hmbkxCMy0yYUZ5Y3VGX2RyME1VUWZ1ZkdsSzJ2OVNnWWYxd0pwckE?oc=5,NBC4 Los Angeles
news,Hundreds protest outside of Boston City Hall in support of Los Angeles demonstrators - WHDH,"<a href=""https://news.google.com/rss/articles/CBMiqwFBVV95cUxNMWNUYmVSZ0ZnZmVETjk5QmFFQkVxMzMtSHAyR2pVcHpyZE16REtLYmNnOVMtRXg0bExndjRmYXM2dE9aUVB6YmFPaUVHSlZiYUVabTAwUmR1enlmZWlRRGgwcG03MklraUF0MW9OM2FyYVF6NGlGTXRQdnlYa0hyR3dMeDBhZ0dhczVjZlpaOVctdHIwSkhuZWNNd3BGd0oyTkM4Q2oyX29kQ0E?oc=5"" target=""_blank"">Hundreds protest outside of Boston City Hall in support of Los Angeles demonstrators</a>&nbsp;&nbsp;<font color=""#6f6f6f"">WHDH</font>","Mon, 09 Jun 2025 20:32:15 GMT",https://news.google.com/rss/articles/CBMiqwFBVV95cUxNMWNUYmVSZ0ZnZmVETjk5QmFFQkVxMzMtSHAyR2pVcHpyZE16REtLYmNnOVMtRXg0bExndjRmYXM2dE9aUVB6YmFPaUVHSlZiYUVabTAwUmR1enlmZWlRRGgwcG03MklraUF0MW9OM2FyYVF6NGlGTXRQdnlYa0hyR3dMeDBhZ0dhczVjZlpaOVctdHIwSkhuZWNNd3BGd0oyTkM4Q2oyX29kQ0E?oc=5,WHDH
news,Anti-ICE protest breaks out in Phoenix as Los Angeles protest intensifies - FOX 10 Phoenix,"<a href=""https://news.google.com/rss/articles/CBMihAFBVV95cUxPZ0lIYTYwazBMa3ZjMnZmOWdMb1R4YWtUR2lQRFpacnkyUkcya01LMkIwSXpseUpjSlFmbzJaamlzUHhpcDdHaUo5TjFhYlJOc19nVzVRNnZuT3VpOF9nWUdzb1F5MUlKdVJoT0xvSHlzckgtUTZ4V2Fwb2hrbnhhUUREamLSAYoBQVVfeXFMUE1VZlFDeFdJcGEyNldIRVVxdGFmeWRLX1ZHVE44d2xNbVhQcVJOUjVZUVlrYmJ2cF9UQWdrNkM5WVNUZUNtVFh0bVZBejI5YzhTYXU3dVFlbzdPQXJkNFpGSFRjcklMN09kVGxjRVpBMlpMc05HWU0tc3gxRmJ3b04zb0JkU2RuNjV3?oc=5"" target=""_blank"">Anti-ICE protest breaks out in Phoenix as Los Angeles protest intensifies</a>&nbsp;&nbsp;<font color=""#6f6f6f"">FOX 10 Phoenix</font>","Mon, 09 Jun 2025 02:55:12 GMT",https://news.google.com/rss/articles/CBMihAFBVV95cUxPZ0lIYTYwazBMa3ZjMnZmOWdMb1R4YWtUR2lQRFpacnkyUkcya01LMkIwSXpseUpjSlFmbzJaamlzUHhpcDdHaUo5TjFhYlJOc19nVzVRNnZuT3VpOF9nWUdzb1F5MUlKdVJoT0xvSHlzckgtUTZ4V2Fwb2hrbnhhUUREamLSAYoBQVVfeXFMUE1VZlFDeFdJcGEyNldIRVVxdGFmeWRLX1ZHVE44d2xNbVhQcVJOUjVZUVlrYmJ2cF9UQWdrNkM5WVNUZUNtVFh0bVZBejI5YzhTYXU3dVFlbzdPQXJkNFpGSFRjcklMN09kVGxjRVpBMlpMc05HWU0tc3gxRmJ3b04zb0JkU2RuNjV3?oc=5,FOX 10 Phoenix
news,‘We Dissent’: NIH Workers Protest Trump Policies That ‘Harm the Health of Americans’ - KFF Health News,"<a href=""https://news.google.com/rss/articles/CBMiqwFBVV95cUxQOFRFQUFqY2J6OEdKTjVQTDdUSGtXY213dVhRdGlWRkgtVWhMQ21Ud3Y0TnVzUUkyYjk0ZlpzX0Y3Ulpja1AxdEltTWxlbl93SFE0Rm1xQWFwTk1wUUI5NHZIVndBNDFOclJhOHdfdWxDSXpyUy1aMjhjVS1qOHl6QmRQd09Wd1N0Q1prZDFBVzljeVlWUE5aMGRONkxLTXFTb2RGaGY1aFpiQjQ?oc=5"" target=""_blank"">‘We Dissent’: NIH Workers Protest Trump Policies That ‘Harm the Health of Americans’</a>&nbsp;&nbsp;<font color=""#6f6f6f"">KFF Health News</font>","Mon, 09 Jun 2025 09:21:32 GMT",https://news.google.com/rss/articles/CBMiqwFBVV95cUxQOFRFQUFqY2J6OEdKTjVQTDdUSGtXY213dVhRdGlWRkgtVWhMQ21Ud3Y0TnVzUUkyYjk0ZlpzX0Y3Ulpja1AxdEltTWxlbl93SFE0Rm1xQWFwTk1wUUI5NHZIVndBNDFOclJhOHdfdWxDSXpyUy1aMjhjVS1qOHl6QmRQd09Wd1N0Q1prZDFBVzljeVlWUE5aMGRONkxLTXFTb2RGaGY1aFpiQjQ?oc=5,KFF Health News
news,The Mexican Flag Becomes a Potent L.A. Protest Symbol - The New York Times,"<a href=""https://news.google.com/rss/articles/CBMigAFBVV95cUxNRkZEYjFLdTEzSTNoQzNJV0VvdXVHU2JLRm1iX3hnZk54VWRwSFYzZVp5UVMySWtmTTFvZkdJX0JmWnVTLTJPUXNCRGphX1YzWGhkaTQyVVZjQTJmZHRWRG5mdmowdUMxU1JGelFfSUdUVTdadVVpVlVRbGo4VVdpag?oc=5"" target=""_blank"">The Mexican Flag Becomes a Potent L.A. Protest Symbol</a>&nbsp;&nbsp;<font color=""#6f6f6f"">The New York Times</font>","Mon, 09 Jun 2025 09:14:00 GMT",https://news.google.com/rss/articles/CBMigAFBVV95cUxNRkZEYjFLdTEzSTNoQzNJV0VvdXVHU2JLRm1iX3hnZk54VWRwSFYzZVp5UVMySWtmTTFvZkdJX0JmWnVTLTJPUXNCRGphX1YzWGhkaTQyVVZjQTJmZHRWRG5mdmowdUMxU1JGelFfSUdUVTdadVVpVlVRbGo4VVdpag?oc=5,The New York Times
news,What happened during three days of protests over immigration raids in downtown L.A. - Los Angeles Times,"<a href=""https://news.google.com/rss/articles/CBMinwFBVV95cUxOSFdIVXNoUUdlTEJoVWtvUkYzR1k0YklUdlkzNjlFM1VhS0hRcS1MNTJ4N2IwLURhdlNIcURTcWFhYTNDLW5JbHhqQ09Pb3ZYU3QzQVozOHEzS3FoMTRaV1pabktDYjMxeWV3WFFvZVh4SHFDOXRnRnpvTGxmSzdVTm1DYTNQZzc1bkEzTXo0SEJtRDFUWVVpSXVtcUFxRUE?oc=5"" target=""_blank"">What happened during three days of protests over immigration raids in downtown L.A.</a>&nbsp;&nbsp;<font color=""#6f6f6f"">Los Angeles Times</font>","Mon, 09 Jun 2025 06:18:00 GMT",https://news.google.com/rss/articles/CBMinwFBVV95cUxOSFdIVXNoUUdlTEJoVWtvUkYzR1k0YklUdlkzNjlFM1VhS0hRcS1MNTJ4N2IwLURhdlNIcURTcWFhYTNDLW5JbHhqQ09Pb3ZYU3QzQVozOHEzS3FoMTRaV1pabktDYjMxeWV3WFFvZVh4SHFDOXRnRnpvTGxmSzdVTm1DYTNQZzc1bkEzTXo0SEJtRDFUWVVpSXVtcUFxRUE?oc=5,Los Angeles Times
news,"Anti-ICE protest declared 'unlawful assembly,' Newsom dares Homan to arrest him - Fox News","<a href=""https://news.google.com/rss/articles/CBMirwFBVV95cUxQamJ4YUlVUXRWc01hdzBzMm9nSEliOUdYUVl5cFR3LXRfOW9PTHJuM19NOFRpVTFmMUd0MHB6LXJzZ2dDV1F4a1FjNHlSVDM4WDl2WDBXdTJoRFdsVXVJek1jZ25lN3ctNGNhTGE3aE5zYmh2ZWdTVi01UXRJNGJVVldlLUFsYldfaHZPcU4xdjJ0UUpTQmU3anlVUS1mVlpyWHBza29PWFhKWHdWYm9v0gG0AUFVX3lxTE1jdFE2V2ptT1lNYVo2bDExZ0poZXdtZjRSRU8wemZJTDMzWDUyQkdqZDBpcFFwTnZkTUJFVjM0d2VtUXk1WFk2M2s5cG9KZVBmbncwdWJVQ1NCLVBScG16eFNMRzVoNldnN0E3Z0NORmNLSUlCYVdiWmlUa0NlcUxzQVhBeWNiWDNyRTFmckNtOU45ZXRFdVN1ZWRfMHhlb2FyVFJVNnVKSVk1TFZ6REg2OVdxQw?oc=5"" target=""_blank"">Anti-ICE protest declared 'unlawful assembly,' Newsom dares Homan to arrest him</a>&nbsp;&nbsp;<font color=""#6f6f6f"">Fox News</font>","Mon, 09 Jun 2025 20:37:47 GMT",https://news.google.com/rss/articles/CBMirwFBVV95cUxQamJ4YUlVUXRWc01hdzBzMm9nSEliOUdYUVl5cFR3LXRfOW9PTHJuM19NOFRpVTFmMUd0MHB6LXJzZ2dDV1F4a1FjNHlSVDM4WDl2WDBXdTJoRFdsVXVJek1jZ25lN3ctNGNhTGE3aE5zYmh2ZWdTVi01UXRJNGJVVldlLUFsYldfaHZPcU4xdjJ0UUpTQmU3anlVUS1mVlpyWHBza29PWFhKWHdWYm9v0gG0AUFVX3lxTE1jdFE2V2ptT1lNYVo2bDExZ0poZXdtZjRSRU8wemZJTDMzWDUyQkdqZDBpcFFwTnZkTUJFVjM0d2VtUXk1WFk2M2s5cG9KZVBmbncwdWJVQ1NCLVBScG16eFNMRzVoNldnN0E3Z0NORmNLSUlCYVdiWmlUa0NlcUxzQVhBeWNiWDNyRTFmckNtOU45ZXRFdVN1ZWRfMHhlb2FyVFJVNnVKSVk1TFZ6REg2OVdxQw?oc=5,Fox News
news,"Trump using National Guard in LA is an 'abuse of power,' says national security expert - NPR","<a href=""https://news.google.com/rss/articles/CBMilwFBVV95cUxNcmtkel81UEVxOXQ0S19fTy1rQnRJei1leDZZb1B0Z24ycGtLR0loV3JVeEdIYjdZblJNRTBuN3E2SnJoNWxMUTBKbUNZVWFoYnFxc2xUTUZyMjdMMVplbnRGREVHbGZycGdaTS1FMF80c1Nid3lvejN6TW9Xd0Y4MDhZalFMMmJEemd6bVhKckozNEFPVHpV?oc=5"" target=""_blank"">Trump using National Guard in LA is an 'abuse of power,' says national security expert</a>&nbsp;&nbsp;<font color=""#6f6f6f"">NPR</font>","Mon, 09 Jun 2025 18:08:59 GMT",https://news.google.com/rss/articles/CBMilwFBVV95cUxNcmtkel81UEVxOXQ0S19fTy1rQnRJei1leDZZb1B0Z24ycGtLR0loV3JVeEdIYjdZblJNRTBuN3E2SnJoNWxMUTBKbUNZVWFoYnFxc2xUTUZyMjdMMVplbnRGREVHbGZycGdaTS1FMF80c1Nid3lvejN6TW9Xd0Y4MDhZalFMMmJEemd6bVhKckozNEFPVHpV?oc=5,NPR
news,In photos: Trump deploys National Guard to LA as ICE raid protests flare for 3rd day - Axios,"<a href=""https://news.google.com/rss/articles/CBMiigFBVV95cUxNM0RXbmtocHdCcERvNWdMWTRsZ2RnYzliQzZBcC1YT1hTeThGNGNkd2psOXhVNkJmWEF6OVlSTWVKMk1BajFkUlF3TDNMT3YwMU8zUE01WTFnRk16WDlwWndJMUs3d3hYc3dkcVZPeVVQVUR4enJCZ3dJNlJHcXlXTVlfeE1FX0hFbFE?oc=5"" target=""_blank"">In photos: Trump deploys National Guard to LA as ICE raid protests flare for 3rd day</a>&nbsp;&nbsp;<font color=""#6f6f6f"">Axios</font>","Mon, 09 Jun 2025 10:30:00 GMT",https://news.google.com/rss/articles/CBMiigFBVV95cUxNM0RXbmtocHdCcERvNWdMWTRsZ2RnYzliQzZBcC1YT1hTeThGNGNkd2psOXhVNkJmWEF6OVlSTWVKMk1BajFkUlF3TDNMT3YwMU8zUE01WTFnRk16WDlwWndJMUs3d3hYc3dkcVZPeVVQVUR4enJCZ3dJNlJHcXlXTVlfeE1FX0hFbFE?oc=5,Axios
news,Recap: Unlawful assembly declared for all downtown LA amid violent unrest - NBC10 Philadelphia,"<a href=""https://news.google.com/rss/articles/CBMiowFBVV95cUxPcFM0WUJhVTJFczdUbXhwNEJndF91UUtuMEY1dUhXb3VfZXZvOWJtSGEzeVdMTG5kdDlPOUhyUEMwYUFOb1hrdllGb1AzRkpTbXhnTU1TRVBYYmk3c0hRam1kTGNsMTRNMW9aQjQyaEh6a0tpX1h1REY5MTgxZ3JDeUFmQnRsd2oyY2R0MTdMVzVTRHdVZ2JGcHJtUFVPM2FOVTBV0gGrAUFVX3lxTE1rMzltTUU2M1ZRbXUwXy0yYlpWZVgxTjVZLUpGUFlCakMtMUswa1dseGs2SEJMOWlDSDJna0hXY2txV3llVUFieUk1QTN1blFGSTE0UVdHVWFmWVJxYWRRVzhJTHlCaERGMUJGVHRVNlRvLWhVWXI2V2xGdloyQmxuUUdIbERybk80bDdWc2w4RmhJUW9HXzRtdVByYlpjU0JUdVR4S3AyZ1E2SQ?oc=5"" target=""_blank"">Recap: Unlawful assembly declared for all downtown LA amid violent unrest</a>&nbsp;&nbsp;<font color=""#6f6f6f"">NBC10 Philadelphia</font>","Mon, 09 Jun 2025 07:20:46 GMT",https://news.google.com/rss/articles/CBMiowFBVV95cUxPcFM0WUJhVTJFczdUbXhwNEJndF91UUtuMEY1dUhXb3VfZXZvOWJtSGEzeVdMTG5kdDlPOUhyUEMwYUFOb1hrdllGb1AzRkpTbXhnTU1TRVBYYmk3c0hRam1kTGNsMTRNMW9aQjQyaEh6a0tpX1h1REY5MTgxZ3JDeUFmQnRsd2oyY2R0MTdMVzVTRHdVZ2JGcHJtUFVPM2FOVTBV0gGrAUFVX3lxTE1rMzltTUU2M1ZRbXUwXy0yYlpWZVgxTjVZLUpGUFlCakMtMUswa1dseGs2SEJMOWlDSDJna0hXY2txV3llVUFieUk1QTN1blFGSTE0UVdHVWFmWVJxYWRRVzhJTHlCaERGMUJGVHRVNlRvLWhVWXI2V2xGdloyQmxuUUdIbERybk80bDdWc2w4RmhJUW9HXzRtdVByYlpjU0JUdVR4S3AyZ1E2SQ?oc=5,NBC10 Philadelphia
news,Labor unions around US demand release of union leader arrested in LA protest - The Guardian,"<a href=""https://news.google.com/rss/articles/CBMiiAFBVV95cUxPYXRUTnp0X2tpVU5MUmljRUlpSnA3Zm80bURjUl94bGFDczJGTFk2RDlvOHQ0Ti1nTkdkc3JCSTdlSlV4RGE5T3N2dGxIUGg0SVF0anNva0NQN09IQ0o3MTFSZ0hMRnhVTlJHQ1pXeWJ5WmtTbXBfZXJrb0hfX0xmNWM3SEhTZTdn?oc=5"" target=""_blank"">Labor unions around US demand release of union leader arrested in LA protest</a>&nbsp;&nbsp;<font color=""#6f6f6f"">The Guardian</font>","Mon, 09 Jun 2025 15:33:00 GMT",https://news.google.com/rss/articles/CBMiiAFBVV95cUxPYXRUTnp0X2tpVU5MUmljRUlpSnA3Zm80bURjUl94bGFDczJGTFk2RDlvOHQ0Ti1nTkdkc3JCSTdlSlV4RGE5T3N2dGxIUGg0SVF0anNva0NQN09IQ0o3MTFSZ0hMRnhVTlJHQ1pXeWJ5WmtTbXBfZXJrb0hfX0xmNWM3SEhTZTdn?oc=5,The Guardian
news,Protesters plan anti-ICE rally at Texas Capitol in solidarity with LA - KVUE,"<a href=""https://news.google.com/rss/articles/CBMiuAFBVV95cUxOT0dyWndCZ1pZRmRRZGhhdmxJT1ktQl9ZWE5OVi1ZNERMdFUzaGNfamNFZ04yQ0RlQkdpQWFtaTJEYXFucTRlTmZNWi01X0lreEh3eXdmRWo5SW84ZWhNdEp0SWdhN2RHdG5QMGhtZGh4YXJqMGtDYkIyRVZvV1k5MEdxaklmTFlDMlRVMWN6QUd2NlptNTFJTDFrSnNHMkd5UWprWDZka2pQRmJ4RXNmdVFlZWR4ZTJC?oc=5"" target=""_blank"">Protesters plan anti-ICE rally at Texas Capitol in solidarity with LA</a>&nbsp;&nbsp;<font color=""#6f6f6f"">KVUE</font>","Mon, 09 Jun 2025 21:03:00 GMT",https://news.google.com/rss/articles/CBMiuAFBVV95cUxOT0dyWndCZ1pZRmRRZGhhdmxJT1ktQl9ZWE5OVi1ZNERMdFUzaGNfamNFZ04yQ0RlQkdpQWFtaTJEYXFucTRlTmZNWi01X0lreEh3eXdmRWo5SW84ZWhNdEp0SWdhN2RHdG5QMGhtZGh4YXJqMGtDYkIyRVZvV1k5MEdxaklmTFlDMlRVMWN6QUd2NlptNTFJTDFrSnNHMkd5UWprWDZka2pQRmJ4RXNmdVFlZWR4ZTJC?oc=5,KVUE
news,Aid to Gaza hangs by a thread amid looting and starvation - CNN,"<a href=""https://news.google.com/rss/articles/CBMifkFVX3lxTFA4RldnQ0JOUHBmaFNnQ1RfbmJaM0FiWV94ZWRWNHBMQzBKckdsQjVjLXFCMHltUVhLcGJwTThzcWYtRjNDY1lhZERJRDAxb1loRkVQQ1pYVWxGS2tVLWNEVnRRTHZyeUlBSzItWjIycXo2QjgxM05CRERzZ2JwZ9IBgwFBVV95cUxPaHBTbE9MQkVlM3luMnFBWTZsWm5ROEdCX2JrUlEwWFRsYVh6YlBhQm54Yk9UalBFNUl4RFhxMVd3NGUwdmJqVi1iTnF2OXVwbHgweE1oVDByNHlNMDIxY1dCcmNYUkJlbThQMHBTUkJwRUpoV09oLUNjNWlINFJkNkx1cw?oc=5"" target=""_blank"">Aid to Gaza hangs by a thread amid looting and starvation</a>&nbsp;&nbsp;<font color=""#6f6f6f"">CNN</font>","Mon, 09 Jun 2025 19:41:00 GMT",https://news.google.com/rss/articles/CBMifkFVX3lxTFA4RldnQ0JOUHBmaFNnQ1RfbmJaM0FiWV94ZWRWNHBMQzBKckdsQjVjLXFCMHltUVhLcGJwTThzcWYtRjNDY1lhZERJRDAxb1loRkVQQ1pYVWxGS2tVLWNEVnRRTHZyeUlBSzItWjIycXo2QjgxM05CRERzZ2JwZ9IBgwFBVV95cUxPaHBTbE9MQkVlM3luMnFBWTZsWm5ROEdCX2JrUlEwWFRsYVh6YlBhQm54Yk9UalBFNUl4RFhxMVd3NGUwdmJqVi1iTnF2OXVwbHgweE1oVDByNHlNMDIxY1dCcmNYUkJlbThQMHBTUkJwRUpoV09oLUNjNWlINFJkNkx1cw?oc=5,CNN
news,ICE protest in S.F.: More than 150 arrested in chaotic demonstration against National Guard - San Francisco Chronicle,"<a href=""https://news.google.com/rss/articles/CBMiqwFBVV95cUxNZWZ2YjNnVG8wUnVRX25Mb2xwQ1FjT1FaRk5VRFZFOUIwRlp0RDFCd0J5X1JlelJZN3RxZndlYkplaU9hQTdMckVDUWZfT3N3TXRyeVlZaFVSOGJpTUNGSFJmTVBwQlhyZ283UUlMV3Rxem96dFFVQks1NjhTUWFhN1FJdnlKeWhJUnZseVdTaWUxOGRWMFdMOEJ0Y2NzY1N6bDVweXhfOFBiQWM?oc=5"" target=""_blank"">ICE protest in S.F.: More than 150 arrested in chaotic demonstration against National Guard</a>&nbsp;&nbsp;<font color=""#6f6f6f"">San Francisco Chronicle</font>","Mon, 09 Jun 2025 13:04:21 GMT",https://news.google.com/rss/articles/CBMiqwFBVV95cUxNZWZ2YjNnVG8wUnVRX25Mb2xwQ1FjT1FaRk5VRFZFOUIwRlp0RDFCd0J5X1JlelJZN3RxZndlYkplaU9hQTdMckVDUWZfT3N3TXRyeVlZaFVSOGJpTUNGSFJmTVBwQlhyZ283UUlMV3Rxem96dFFVQks1NjhTUWFhN1FJdnlKeWhJUnZseVdTaWUxOGRWMFdMOEJ0Y2NzY1N6bDVweXhfOFBiQWM?oc=5,San Francisco Chronicle
news,Live updates: Trump deploys National Guard to LA in response to immigration clashes | CNN Politics - CNN,"<a href=""https://news.google.com/rss/articles/CBMieEFVX3lxTE5wWkpEYWo1dTNNbWNtNmlHT2lldmZ4aWY2Mzd4TUdkQzctYS1mb2xXZmhIWUVRX1B2dGVlZHRIdEJHMXd0Y3dLd0U4alQyZTZsY0t3Ym96b3NzbWRncEFFNTZaNHl0ZXpZS3ZaWk9QSkM2SGtSamZEUg?oc=5"" target=""_blank"">Live updates: Trump deploys National Guard to LA in response to immigration clashes | CNN Politics</a>&nbsp;&nbsp;<font color=""#6f6f6f"">CNN</font>","Mon, 09 Jun 2025 07:04:00 GMT",https://news.google.com/rss/articles/CBMieEFVX3lxTE5wWkpEYWo1dTNNbWNtNmlHT2lldmZ4aWY2Mzd4TUdkQzctYS1mb2xXZmhIWUVRX1B2dGVlZHRIdEJHMXd0Y3dLd0U4alQyZTZsY0t3Ym96b3NzbWRncEFFNTZaNHl0ZXpZS3ZaWk9QSkM2SGtSamZEUg?oc=5,CNN
news,Anti-ICE protests intensify in Los Angeles on third day of unrest - NewsNation,"<a href=""https://news.google.com/rss/articles/CBMikAFBVV95cUxOTmJJLWU3bU5IWWFiUzFEdmJFQ0lpa05mV0o4RS1abXY4eXVQRUdIcE1qeG1ONEgyZXFxNWNNS2VQNEtYTFcyN1ljcFEwMHFvdU5LenoxNjI1YjA4TGNCRUFQMS1fZ285My1FcnRLZkFBaTZ4Z3dQZ0JJQmk3ZDFsY202TmFkRi13dk9wcGM5d3bSAZYBQVVfeXFMUGpXTGRGRUliWHd3alFMQ2dQb2F5ejl5OHk3MElxX1pPeEo3QXlkREQ0ZHZoVk5XdWVCVHNfSjV6Zjd3YWVOaUFnWDh0WkFMX2YxZkRONkRGSklfUTFTbjBHemd6Z2lISUxyTzhuZDVELUVhX1lMTlhJT3BRNHBuRDhhNkF0cmpiV2gzUmE3LUVaQTdXTjVn?oc=5"" target=""_blank"">Anti-ICE protests intensify in Los Angeles on third day of unrest</a>&nbsp;&nbsp;<font color=""#6f6f6f"">NewsNation</font>","Mon, 09 Jun 2025 04:16:07 GMT",https://news.google.com/rss/articles/CBMikAFBVV95cUxOTmJJLWU3bU5IWWFiUzFEdmJFQ0lpa05mV0o4RS1abXY4eXVQRUdIcE1qeG1ONEgyZXFxNWNNS2VQNEtYTFcyN1ljcFEwMHFvdU5LenoxNjI1YjA4TGNCRUFQMS1fZ285My1FcnRLZkFBaTZ4Z3dQZ0JJQmk3ZDFsY202TmFkRi13dk9wcGM5d3bSAZYBQVVfeXFMUGpXTGRGRUliWHd3alFMQ2dQb2F5ejl5OHk3MElxX1pPeEo3QXlkREQ0ZHZoVk5XdWVCVHNfSjV6Zjd3YWVOaUFnWDh0WkFMX2YxZkRONkRGSklfUTFTbjBHemd6Z2lISUxyTzhuZDVELUVhX1lMTlhJT3BRNHBuRDhhNkF0cmpiV2gzUmE3LUVaQTdXTjVn?oc=5,NewsNation
news,Mass Looting Breaks Out as LA Riots Intensify - Newsweek,"<a href=""https://news.google.com/rss/articles/CBMigAFBVV95cUxQNnVCQlNZQkd3eXpXdXVGckVUNmQ0eEV3Q2xsOTZuNWpVanJubWtNVkhoWjJYOHZCVkVkT1F3eUh6M3VmeFQwQjBUZ3gwWlFPT191cFBNT0dIOHdralV1ZUI2NFhaeWQ1MWIyUVlFNG9HYjFQZUFvRmZiRF8wX0dpMA?oc=5"" target=""_blank"">Mass Looting Breaks Out as LA Riots Intensify</a>&nbsp;&nbsp;<font color=""#6f6f6f"">Newsweek</font>","Mon, 09 Jun 2025 07:18:03 GMT",https://news.google.com/rss/articles/CBMigAFBVV95cUxQNnVCQlNZQkd3eXpXdXVGckVUNmQ0eEV3Q2xsOTZuNWpVanJubWtNVkhoWjJYOHZCVkVkT1F3eUh6M3VmeFQwQjBUZ3gwWlFPT191cFBNT0dIOHdralV1ZUI2NFhaeWQ1MWIyUVlFNG9HYjFQZUFvRmZiRF8wX0dpMA?oc=5,Newsweek
news,L.A. protests: National Guard deployed as Trump opposes immigration demonstrationsdemonstrations - NBC News,"<a href=""https://news.google.com/rss/articles/CBMinAFBVV95cUxNX0NBTmF5V3VKcWhTTFdHTFZVZEt3VE5YMUVTdnBmdVBpUElXSXBwOEtUdm54LU5YOHNKNURONlcwcElhNFBJcVlTbHZXUUNhZFZMV2N2WWRuVDNUaFVUOEdHU1BjUDhEU0Z6MFgyeDRTcWNnSElJdGNSNnhaeldKOVdJU0tZNGNOYTdSdDlnTFJkbEhyTmpPamRlOW7SAWNBVV95cUxQWk5vdnl0R09RX09GVzV3QS01ckV6dnlQTF9kZDlldV9EMU9pX0xWaTk5Y0JBQXp2VW1zUzFoeGkzS0dSbjVLV2RXbUpFd2tkNVBHTHNrN0NGZDdYbUlFZE1pc1U?oc=5"" target=""_blank"">L.A. protests: National Guard deployed as Trump opposes immigration demonstrationsdemonstrations</a>&nbsp;&nbsp;<font color=""#6f6f6f"">NBC News</font>","Mon, 09 Jun 2025 05:29:00 GMT",https://news.google.com/rss/articles/CBMinAFBVV95cUxNX0NBTmF5V3VKcWhTTFdHTFZVZEt3VE5YMUVTdnBmdVBpUElXSXBwOEtUdm54LU5YOHNKNURONlcwcElhNFBJcVlTbHZXUUNhZFZMV2N2WWRuVDNUaFVUOEdHU1BjUDhEU0Z6MFgyeDRTcWNnSElJdGNSNnhaeldKOVdJU0tZNGNOYTdSdDlnTFJkbEhyTmpPamRlOW7SAWNBVV95cUxQWk5vdnl0R09RX09GVzV3QS01ckV6dnlQTF9kZDlldV9EMU9pX0xWaTk5Y0JBQXp2VW1zUzFoeGkzS0dSbjVLV2RXbUpFd2tkNVBHTHNrN0NGZDdYbUlFZE1pc1U?oc=5,NBC News
news,"Riot breaks out at Tennessee's largest correctional facility, officials say - FOX13 Memphis","<a href=""https://news.google.com/rss/articles/CBMi7gFBVV95cUxQQXVwdFYxWUdRLWl4Q3JxN01HV2dtS1U0T3JuVUpCOHZEbm85VU5pTEZ0dXAtY0FaTzRqWG1SVGFvbnZYTXhoMTJaM0V0NWhBZE11X05CQ2hITlJuQkMzTjlZdDFkRm1fbWdITHZJVWtCelBhQUhfMjU5Sm1NWVRvUFlpdk5fU3MyWmxPT3lDREpieTh0QTR2Y2ZseUJXU1dCRmxIVS1IY2FVYjVXYjhsUlRhcE5nMEZObFB0c3pJQmRLWGxWb3BEdDIxTE9aNGFuTE1YV1VITXhfOGV0VW9KcXFVWlpiYmRqNnFUazFR?oc=5"" target=""_blank"">Riot breaks out at Tennessee's largest correctional facility, officials say</a>&nbsp;&nbsp;<font color=""#6f6f6f"">FOX13 Memphis</font>","Mon, 09 Jun 2025 10:08:00 GMT",https://news.google.com/rss/articles/CBMi7gFBVV95cUxQQXVwdFYxWUdRLWl4Q3JxN01HV2dtS1U0T3JuVUpCOHZEbm85VU5pTEZ0dXAtY0FaTzRqWG1SVGFvbnZYTXhoMTJaM0V0NWhBZE11X05CQ2hITlJuQkMzTjlZdDFkRm1fbWdITHZJVWtCelBhQUhfMjU5Sm1NWVRvUFlpdk5fU3MyWmxPT3lDREpieTh0QTR2Y2ZseUJXU1dCRmxIVS1IY2FVYjVXYjhsUlRhcE5nMEZObFB0c3pJQmRLWGxWb3BEdDIxTE9aNGFuTE1YV1VITXhfOGV0VW9KcXFVWlpiYmRqNnFUazFR?oc=5,FOX13 Memphis
news,Riot police and protesters clash after LA immigration raids - BBC,"<a href=""https://news.google.com/rss/articles/CBMiV0FVX3lxTE8tYXFIaGplQm1sTmVFa0lqUjNmSFM1TF9RMEZwSDB0bmhXc2ttX0h4Vm03SXZJMHhFSjd3Q0Vucl9aNkl2ZzR0aW92ZExrbXh3VWZjd2hySQ?oc=5"" target=""_blank"">Riot police and protesters clash after LA immigration raids</a>&nbsp;&nbsp;<font color=""#6f6f6f"">BBC</font>","Sat, 07 Jun 2025 11:03:13 GMT",https://news.google.com/rss/articles/CBMiV0FVX3lxTE8tYXFIaGplQm1sTmVFa0lqUjNmSFM1TF9RMEZwSDB0bmhXc2ttX0h4Vm03SXZJMHhFSjd3Q0Vucl9aNkl2ZzR0aW92ZExrbXh3VWZjd2hySQ?oc=5,BBC
news,Mayor reassures Portland's commitment to sanctuary policies amid ICE protest tensions - KATU,"<a href=""https://news.google.com/rss/articles/CBMiiwJBVV95cUxQQmNLb2JIdnNDcGViMW12SkRYUkQyaXFaMlV4M05CeUk3LWpaTnduOUUzTTZfdWdIRmV6Q09hbGlFZksxd3g1RExXWGNRRENoRDg1RXNkdkE4Mm1uWXNJU0s1MC1EOGJobWVoMFR6UUVRRWdkZnFNWUtMQ0gxbmk4S01VSFhManRtQTdaXzBZSlRvXzhfR2VfRW9hMUFZSXAxRHJtQ3BJdWViSUt1dVpkVjVzVzFxQXVlOUI3MmRLalVvNWNrZ3NWaFZwbFk3bkRfWEFuYXhCLVJlWjI5NTNPcnBtbVJZZGpRUjVoUlR2Y25LMV9uZEtfYkR0aXlHRWZkT1ZpZE5ZbDVrd2s?oc=5"" target=""_blank"">Mayor reassures Portland's commitment to sanctuary policies amid ICE protest tensions</a>&nbsp;&nbsp;<font color=""#6f6f6f"">KATU</font>","Mon, 09 Jun 2025 05:32:24 GMT",https://news.google.com/rss/articles/CBMiiwJBVV95cUxQQmNLb2JIdnNDcGViMW12SkRYUkQyaXFaMlV4M05CeUk3LWpaTnduOUUzTTZfdWdIRmV6Q09hbGlFZksxd3g1RExXWGNRRENoRDg1RXNkdkE4Mm1uWXNJU0s1MC1EOGJobWVoMFR6UUVRRWdkZnFNWUtMQ0gxbmk4S01VSFhManRtQTdaXzBZSlRvXzhfR2VfRW9hMUFZSXAxRHJtQ3BJdWViSUt1dVpkVjVzVzFxQXVlOUI3MmRLalVvNWNrZ3NWaFZwbFk3bkRfWEFuYXhCLVJlWjI5NTNPcnBtbVJZZGpRUjVoUlR2Y25LMV9uZEtfYkR0aXlHRWZkT1ZpZE5ZbDVrd2s?oc=5,KATU
news,Los Angeles Launches into Fourth Day of Anti-ICE Protest - WSJ,"<a href=""https://news.google.com/rss/articles/CBMijgNBVV95cUxOQ1YtRUVPenJlSDFDSnl3RnJIdU4zY1JCWS1aRVI5Zk1wbV80eFBhS3pHOTh3NFFDaHVhNkNhWjBwU0NyZm5SV0FBSE51WjNsTTZNNWthNDlERFdabjVpRFc3UV9hcGNUME1EaHVWOUJteEM2QWdHUTRuUld0OG56Q2NCNEdZRjEtM2o1aG5JWl9jOG1kdGExQjNPQlRZcVUyb3VRYzdtV3dBYUI2amZzVU5BM25jTnpublVLQ1p2UF84LWljSkZEMEgxUThzLTJZMW5QMDJCUDFtWkZsOGVYOHhGVU9LRDVoamg4ZEVZSHhSQld1NnI2cW1qUjNQQjBPeU4yd2hBVWhXTmNlQmVlSjVDc0V3b0FvSzBseVJrb3FGbXVCOXk1cHYyQWNwSWU1b3RKMHdtaERrTGZvNXVlUjU0WjNfcGVESnhmUGFlWnVLUkVCQ1paWEZJd1hxQ1NhNmZWMjFkTzAtUHhCT0NvODBEYXdJZTJuWXpVOHBSUWRkdFRTa2JyWTNST2pJdw?oc=5"" target=""_blank"">Los Angeles Launches into Fourth Day of Anti-ICE Protest</a>&nbsp;&nbsp;<font color=""#6f6f6f"">WSJ</font>","Mon, 09 Jun 2025 20:40:00 GMT",https://news.google.com/rss/articles/CBMijgNBVV95cUxOQ1YtRUVPenJlSDFDSnl3RnJIdU4zY1JCWS1aRVI5Zk1wbV80eFBhS3pHOTh3NFFDaHVhNkNhWjBwU0NyZm5SV0FBSE51WjNsTTZNNWthNDlERFdabjVpRFc3UV9hcGNUME1EaHVWOUJteEM2QWdHUTRuUld0OG56Q2NCNEdZRjEtM2o1aG5JWl9jOG1kdGExQjNPQlRZcVUyb3VRYzdtV3dBYUI2amZzVU5BM25jTnpublVLQ1p2UF84LWljSkZEMEgxUThzLTJZMW5QMDJCUDFtWkZsOGVYOHhGVU9LRDVoamg4ZEVZSHhSQld1NnI2cW1qUjNQQjBPeU4yd2hBVWhXTmNlQmVlSjVDc0V3b0FvSzBseVJrb3FGbXVCOXk1cHYyQWNwSWU1b3RKMHdtaERrTGZvNXVlUjU0WjNfcGVESnhmUGFlWnVLUkVCQ1paWEZJd1hxQ1NhNmZWMjFkTzAtUHhCT0NvODBEYXdJZTJuWXpVOHBSUWRkdFRTa2JyWTNST2pJdw?oc=5,WSJ
news,"Anti-ICE protesters face off with San Francisco police officers; buildings, vehicles vandalized - ABC7 San Francisco","<a href=""https://news.google.com/rss/articles/CBMijgFBVV95cUxPdHBkSGxxQ2Y2aXpFanpycmNkWTZJb3hUMkt3VS1rNVlCcWhQSlBrWGZYdG5UcXRDUUQ2SnhvQWIwSElueU5PSGItTENLUkgwNEdfamRvdzBfTUZFLWFQbUotTnNFT0lGWHEtOW52dmtHSlMxT3JBWDlCQmRjbzl6Z0ZKMFRDdURjZmtpTFV30gGTAUFVX3lxTE5zU1cyRF9SaHAweThfRmMtZXJGaW1TWHppZ2JWeU5Qb1huV2xXeHV6dkhkT0RqamdXY3dHZnhZaklaT0xZcjRSdkRac056ZnBSYktVd2F3d0V6ZjVBaHFRR0RRZnB5VlMzN0J1ZkhDM01uNzA5TldnbHBxejlOazVGSmFEUkJ6WmpfekRSTmlnRnJTNA?oc=5"" target=""_blank"">Anti-ICE protesters face off with San Francisco police officers; buildings, vehicles vandalized</a>&nbsp;&nbsp;<font color=""#6f6f6f"">ABC7 San Francisco</font>","Mon, 09 Jun 2025 05:58:51 GMT",https://news.google.com/rss/articles/CBMijgFBVV95cUxPdHBkSGxxQ2Y2aXpFanpycmNkWTZJb3hUMkt3VS1rNVlCcWhQSlBrWGZYdG5UcXRDUUQ2SnhvQWIwSElueU5PSGItTENLUkgwNEdfamRvdzBfTUZFLWFQbUotTnNFT0lGWHEtOW52dmtHSlMxT3JBWDlCQmRjbzl6Z0ZKMFRDdURjZmtpTFV30gGTAUFVX3lxTE5zU1cyRF9SaHAweThfRmMtZXJGaW1TWHppZ2JWeU5Qb1huV2xXeHV6dkhkT0RqamdXY3dHZnhZaklaT0xZcjRSdkRac056ZnBSYktVd2F3d0V6ZjVBaHFRR0RRZnB5VlMzN0J1ZkhDM01uNzA5TldnbHBxejlOazVGSmFEUkJ6WmpfekRSTmlnRnJTNA?oc=5,ABC7 San Francisco
news,Police: Man arrested for assaulting elderly man during Newport protest - KPTV,"<a href=""https://news.google.com/rss/articles/CBMinwFBVV95cUxQUW9jM2VZZFpmenNOUzg2VWhWdDVBR0U2RzRneXNNbFJBVXJrUHlfUmdCbG9ra1RRdlRwaEpiUXVpek44Zk5jNWdDeVJmcFp4M2YzOVFnMGhJZ3hwdFJfZjdDM1JwQ09JMjd6cW9qUEtWZU9VeHFkY1dodHlTWmVEcUxmS3ZQb2t6NTBUTmdpeHBSWDNOMHR1NEVzazVvZE3SAbMBQVVfeXFMTi1SUzROQUZnbEc0ZlJXNmdLVDFFb0tvQjVpaVBoTVZkNVJtcU1IeWhybGJXa1kzTUJEWjRFVF9sSmZ2UHkyZURSaWNZUnZpMjhCeERTMXpwVjlqOTFOTS11dFVFQWtXYzNXX09xMWFKWTIxTDE0eU1zbldhQUN0RGw5U3pSdUtHSUZjbW1ndFYtVWpiQjZwYUNTdlg0bUY2TTROUklULVJHb1VSNTBwTnk0Q3M?oc=5"" target=""_blank"">Police: Man arrested for assaulting elderly man during Newport protest</a>&nbsp;&nbsp;<font color=""#6f6f6f"">KPTV</font>","Mon, 09 Jun 2025 18:53:00 GMT",https://news.google.com/rss/articles/CBMinwFBVV95cUxQUW9jM2VZZFpmenNOUzg2VWhWdDVBR0U2RzRneXNNbFJBVXJrUHlfUmdCbG9ra1RRdlRwaEpiUXVpek44Zk5jNWdDeVJmcFp4M2YzOVFnMGhJZ3hwdFJfZjdDM1JwQ09JMjd6cW9qUEtWZU9VeHFkY1dodHlTWmVEcUxmS3ZQb2t6NTBUTmdpeHBSWDNOMHR1NEVzazVvZE3SAbMBQVVfeXFMTi1SUzROQUZnbEc0ZlJXNmdLVDFFb0tvQjVpaVBoTVZkNVJtcU1IeWhybGJXa1kzTUJEWjRFVF9sSmZ2UHkyZURSaWNZUnZpMjhCeERTMXpwVjlqOTFOTS11dFVFQWtXYzNXX09xMWFKWTIxTDE0eU1zbldhQUN0RGw5U3pSdUtHSUZjbW1ndFYtVWpiQjZwYUNTdlg0bUY2TTROUklULVJHb1VSNTBwTnk0Q3M?oc=5,KPTV
news,Tennessee prison riot contained after several hours; 3 inmates and 1 guard injured - ABC News,"<a href=""https://news.google.com/rss/articles/CBMioAFBVV95cUxNZ210MUlqcWFPWjZLSVVHUWRXSmQtTkFZRnYxbE1kM0ZxNTNwc1ZGbjZRV2xxcFNmeFBjcFEzS0xPWXpnVFkyeEx6Mkt4U052TjVyZW1vc3RRbnhjMmFSUUljM3RZTmJiQXpIb2F5RWdiUjR3VzlrV3hqXzBOdTdSQ3I5MzZUZkk3ZXUwMzNZTVBTX2hvcENVLVRVLVgza2E20gGmAUFVX3lxTFBBY29PZmhCMWVoVVk1UWEwZUQxckEyZjNiUi0tOGlLUF9XdEcxOHJfdmZOazJXNm14XzdkSEl1OXpMVVlBNkh5X1BxcS16UTMxQW1MN0lkdzRWR1JwU0E4dmZDQUc4dE42V0V6WGhyd0hMNHQ4VjFWb2otX2dfRjFZeG1sZURNM3VCVUl1TkxLS1o5RjlSdnZzZVQ0NnJOQk5UeUVVSEE?oc=5"" target=""_blank"">Tennessee prison riot contained after several hours; 3 inmates and 1 guard injured</a>&nbsp;&nbsp;<font color=""#6f6f6f"">ABC News</font>","Mon, 09 Jun 2025 20:31:46 GMT",https://news.google.com/rss/articles/CBMioAFBVV95cUxNZ210MUlqcWFPWjZLSVVHUWRXSmQtTkFZRnYxbE1kM0ZxNTNwc1ZGbjZRV2xxcFNmeFBjcFEzS0xPWXpnVFkyeEx6Mkt4U052TjVyZW1vc3RRbnhjMmFSUUljM3RZTmJiQXpIb2F5RWdiUjR3VzlrV3hqXzBOdTdSQ3I5MzZUZkk3ZXUwMzNZTVBTX2hvcENVLVRVLVgza2E20gGmAUFVX3lxTFBBY29PZmhCMWVoVVk1UWEwZUQxckEyZjNiUi0tOGlLUF9XdEcxOHJfdmZOazJXNm14XzdkSEl1OXpMVVlBNkh5X1BxcS16UTMxQW1MN0lkdzRWR1JwU0E4dmZDQUc4dE42V0V6WGhyd0hMNHQ4VjFWb2otX2dfRjFZeG1sZURNM3VCVUl1TkxLS1o5RjlSdnZzZVQ0NnJOQk5UeUVVSEE?oc=5,ABC News
news,Dozens of anti-ICE protesters busted at Trump Tower after lobby takeover: ‘Bring them home!’ - New York Post,"<a href=""https://news.google.com/rss/articles/CBMiuAFBVV95cUxOWnRMZmJUZWM1VDJpYmM2NU5ESXNLUXY3X1FvVkU3cV8wOFliYmlCTUNmbEd6dGs3LWRybURFUGJOZ1NrN21FZFI2WjZRWTNxblYyWnhsWHlYZ19IR3hmbE1QMGN2ZFJXaW1FYTFSbVljOExPa0lldnlVYWpqNUZzVmlONXBjRmVuYXlqaEVGS3JiXzgzZDRGNHJHb21meUZIM1pCbmlDMlRpdEUxN0l3a24wbExyOXNW?oc=5"" target=""_blank"">Dozens of anti-ICE protesters busted at Trump Tower after lobby takeover: ‘Bring them home!’</a>&nbsp;&nbsp;<font color=""#6f6f6f"">New York Post</font>","Mon, 09 Jun 2025 19:31:00 GMT",https://news.google.com/rss/articles/CBMiuAFBVV95cUxOWnRMZmJUZWM1VDJpYmM2NU5ESXNLUXY3X1FvVkU3cV8wOFliYmlCTUNmbEd6dGs3LWRybURFUGJOZ1NrN21FZFI2WjZRWTNxblYyWnhsWHlYZ19IR3hmbE1QMGN2ZFJXaW1FYTFSbVljOExPa0lldnlVYWpqNUZzVmlONXBjRmVuYXlqaEVGS3JiXzgzZDRGNHJHb21meUZIM1pCbmlDMlRpdEUxN0l3a24wbExyOXNW?oc=5,New York Post
news,Mexican flag becomes L.A. protest symbol: What to know - The Hill,"<a href=""https://news.google.com/rss/articles/CBMihwFBVV95cUxPRkNReC1JWGZ2UVl4UUNidDByaUFNc2xmeTdOTXlMSXFicEtTTmt6RG5fQTJIQmg3SENkck4zeXd3SnhicXJLLU1lSFhCUGJBaXZEZTUwQkZocGU0VlV0SXJodmpQVjV5bDcxdHhXN01fM1NRMVZSMi05eVJXOVV5SVBsWWNNRUHSAYwBQVVfeXFMTU4yLWhmSDlvVlhGRWxNb0xoSDNFWEVtMkhmNUxUc3Z2a3BTdlRDMGNLcVhfdmtPWm4tTDd5OXdJbFg3bkVzSnQ4cmNaY3dFTTVhRGdoLVlsY18xRzdKbzlJUmdIMVMzcVN5cHVSYnI3YVRmeXpwWUVWSXZEcUhsRURXN1JONUwtNFZlQ08?oc=5"" target=""_blank"">Mexican flag becomes L.A. protest symbol: What to know</a>&nbsp;&nbsp;<font color=""#6f6f6f"">The Hill</font>","Mon, 09 Jun 2025 17:15:00 GMT",https://news.google.com/rss/articles/CBMihwFBVV95cUxPRkNReC1JWGZ2UVl4UUNidDByaUFNc2xmeTdOTXlMSXFicEtTTmt6RG5fQTJIQmg3SENkck4zeXd3SnhicXJLLU1lSFhCUGJBaXZEZTUwQkZocGU0VlV0SXJodmpQVjV5bDcxdHhXN01fM1NRMVZSMi05eVJXOVV5SVBsWWNNRUHSAYwBQVVfeXFMTU4yLWhmSDlvVlhGRWxNb0xoSDNFWEVtMkhmNUxUc3Z2a3BTdlRDMGNLcVhfdmtPWm4tTDd5OXdJbFg3bkVzSnQ4cmNaY3dFTTVhRGdoLVlsY18xRzdKbzlJUmdIMVMzcVN5cHVSYnI3YVRmeXpwWUVWSXZEcUhsRURXN1JONUwtNFZlQ08?oc=5,The Hill
news,"Riot police, anti-ICE protesters square off in Los Angeles after raids - Reuters","<a href=""https://news.google.com/rss/articles/CBMisAFBVV95cUxOT0RfTnY2Y2FSV25LbzVUbm9LYUJuLXRoSGdsM3U3SzZoZWE3RjJpNVYxbFRnLWc2WXlyaDN3ak1fRHI4UTh6dTJnWnpfVTRpUEVLRGFJVUd2RWMtQ1hnZlpPbmtLY2RCNzFFdmg2cUZnM0xoTHE3ZXpDM1labm5TRGJzOUM5Vm1ZWTV1V25CaHViOUdZUHpQRjU5VnZCb0s3YUpQTklkLVdyT3NpdWpYWA?oc=5"" target=""_blank"">Riot police, anti-ICE protesters square off in Los Angeles after raids</a>&nbsp;&nbsp;<font color=""#6f6f6f"">Reuters</font>","Sat, 07 Jun 2025 14:14:15 GMT",https://news.google.com/rss/articles/CBMisAFBVV95cUxOT0RfTnY2Y2FSV25LbzVUbm9LYUJuLXRoSGdsM3U3SzZoZWE3RjJpNVYxbFRnLWc2WXlyaDN3ak1fRHI4UTh6dTJnWnpfVTRpUEVLRGFJVUd2RWMtQ1hnZlpPbmtLY2RCNzFFdmg2cUZnM0xoTHE3ZXpDM1labm5TRGJzOUM5Vm1ZWTV1V25CaHViOUdZUHpQRjU5VnZCb0s3YUpQTklkLVdyT3NpdWpYWA?oc=5,Reuters
news,LA's chaotic weekend of protests - BBC,"<a href=""https://news.google.com/rss/articles/CBMigwFBVV95cUxQd0IyTkd5Y2p4czF0OXA0MFdWSGZaYXdFOUg1b0pkRllvSjNiSDN4QU4yWXZhVFVaNjRCX3JwSHgzM1hIX0xjNVNGNldyd3NTNEtpMU5Nd200dFZMR05xQ01vcGptemlwTDZ6ZVJkV1ZkYmY1UzFwQnhyMkdBcUw5YVpybw?oc=5"" target=""_blank"">LA's chaotic weekend of protests</a>&nbsp;&nbsp;<font color=""#6f6f6f"">BBC</font>","Mon, 09 Jun 2025 18:28:19 GMT",https://news.google.com/rss/articles/CBMigwFBVV95cUxQd0IyTkd5Y2p4czF0OXA0MFdWSGZaYXdFOUg1b0pkRllvSjNiSDN4QU4yWXZhVFVaNjRCX3JwSHgzM1hIX0xjNVNGNldyd3NTNEtpMU5Nd200dFZMR05xQ01vcGptemlwTDZ6ZVJkV1ZkYmY1UzFwQnhyMkdBcUw5YVpybw?oc=5,BBC
news,LA Riot Police Shoot Protester in the Head With Rubber Bullet - Newsweek,"<a href=""https://news.google.com/rss/articles/CBMiigFBVV95cUxNa3JyWWZNMC1GbDM2a0R4MTRsVGJGZmt4bkxYUmVaX1Z4S3cyNWJDM1FscFJFTmVvN1R6Ym5XdTFtbG85c1BodWlLTzRXdnlGenlPaTkyYUx0MnJLd0syekNLUEF0STRiQzVrTTA3WlVVOUNFaDdRR0NrMllxRGJZNW83aWhKbkVoRmc?oc=5"" target=""_blank"">LA Riot Police Shoot Protester in the Head With Rubber Bullet</a>&nbsp;&nbsp;<font color=""#6f6f6f"">Newsweek</font>","Mon, 09 Jun 2025 13:29:18 GMT",https://news.google.com/rss/articles/CBMiigFBVV95cUxNa3JyWWZNMC1GbDM2a0R4MTRsVGJGZmt4bkxYUmVaX1Z4S3cyNWJDM1FscFJFTmVvN1R6Ym5XdTFtbG85c1BodWlLTzRXdnlGenlPaTkyYUx0MnJLd0syekNLUEF0STRiQzVrTTA3WlVVOUNFaDdRR0NrMllxRGJZNW83aWhKbkVoRmc?oc=5,Newsweek
news,Finneas Says He Was Tear-Gassed at Los Angeles ICE Protest - The Hollywood Reporter,"<a href=""https://news.google.com/rss/articles/CBMiqAFBVV95cUxPTFFyaEo3WUwwb09WVmk1Z1BJUnNSd0cxQmRrbXRYbXlLQUhOR3hDN241RWRfNnhFZFhtS0JJSXd2QjlOc0MtYTdRZE5VX1ZGdmV6b0tXLW0yOThPUFZZNmpWd0lRdUFuRTkxWF9PNEtiaHFWRVRjMUFraFdaZXY3SE9FUUs4MUM4aXZsaXo5YkxyR0Y5VjE1eExRS1B2TG9GQzAtcGJ2SHc?oc=5"" target=""_blank"">Finneas Says He Was Tear-Gassed at Los Angeles ICE Protest</a>&nbsp;&nbsp;<font color=""#6f6f6f"">The Hollywood Reporter</font>","Mon, 09 Jun 2025 13:31:08 GMT",https://news.google.com/rss/articles/CBMiqAFBVV95cUxPTFFyaEo3WUwwb09WVmk1Z1BJUnNSd0cxQmRrbXRYbXlLQUhOR3hDN241RWRfNnhFZFhtS0JJSXd2QjlOc0MtYTdRZE5VX1ZGdmV6b0tXLW0yOThPUFZZNmpWd0lRdUFuRTkxWF9PNEtiaHFWRVRjMUFraFdaZXY3SE9FUUs4MUM4aXZsaXo5YkxyR0Y5VjE1eExRS1B2TG9GQzAtcGJ2SHc?oc=5,The Hollywood Reporter
news,Rabbi at anti-ICE protest in Los Angeles reacts to Marines mobilizing - NBC News,"<a href=""https://news.google.com/rss/articles/CBMixgFBVV95cUxPLW52OEFVNWtDWFdkemFBWUJ2OGZkeldLQ1VyUHgtZ3FyZ3FmbDhqZHdoWGpVQ2xhbEpkN2xxU3Rrb185WEhMYmtXZkRVWERRMFJQUmxrNUxSOW04eV9CLUM0ZlV0ZFhZTE9kNG5sZkFxRGhFU0FQeDZrcWxER3dKTzdKbnNtR3lyUTVjWF8wVXpHbHBzdGhTWkR4eGlpeEg5eHVlMG0wSnk3ZHNvOGpFaG1jZk5wYVc0M1p0Yko0RV9OdE95MVHSAWZBVV95cUxOUnZ4NjF5MzQxazZXLVdQTkFOdGpYcDhiWDkxOFVCVXNEUVBVakhnWnBVY0czc09fMkN2bUYwTWlhQTBBb1BKSEttVkZvcmExRmZDSTFWWXZyUl90VnQ2VE0xODliQXc?oc=5"" target=""_blank"">Rabbi at anti-ICE protest in Los Angeles reacts to Marines mobilizing</a>&nbsp;&nbsp;<font color=""#6f6f6f"">NBC News</font>","Mon, 09 Jun 2025 21:07:40 GMT",https://news.google.com/rss/articles/CBMixgFBVV95cUxPLW52OEFVNWtDWFdkemFBWUJ2OGZkeldLQ1VyUHgtZ3FyZ3FmbDhqZHdoWGpVQ2xhbEpkN2xxU3Rrb185WEhMYmtXZkRVWERRMFJQUmxrNUxSOW04eV9CLUM0ZlV0ZFhZTE9kNG5sZkFxRGhFU0FQeDZrcWxER3dKTzdKbnNtR3lyUTVjWF8wVXpHbHBzdGhTWkR4eGlpeEg5eHVlMG0wSnk3ZHNvOGpFaG1jZk5wYVc0M1p0Yko0RV9OdE95MVHSAWZBVV95cUxOUnZ4NjF5MzQxazZXLVdQTkFOdGpYcDhiWDkxOFVCVXNEUVBVakhnWnBVY0czc09fMkN2bUYwTWlhQTBBb1BKSEttVkZvcmExRmZDSTFWWXZyUl90VnQ2VE0xODliQXc?oc=5,NBC News
news,San Diegans protest outside Camp Pendleton following federal immigration raids - NBC 7 San Diego,"<a href=""https://news.google.com/rss/articles/CBMimAFBVV95cUxNeDEzYUoyNTdXakJhS1MwNXNPWmx1UmNDc2FTaVdfVXJjSlVZb2J5c3VKZ0M0SldKbkZyb0l6ckswa0tNLW5JQkFwelliZTZySGVBeUNjNkljdXFLa2d6d3pVTV91VjI5NjQ2b2lSalB1ZXNzZjJtaGRiTGlNNDVQYkJrMndtTkVrR2FFNHZ6NDZZM0hMdlU1c9IBoAFBVV95cUxNQlV6cDd6R3BGSVpvT2g0Z29lM1NaUUNuemRodlpNYUY3Rl9wRlk2U053bkZsMlFZdEZPNlNoeFJhd29lbF9aT2xuN19Ob1lvOTBMdTllMHJxY2lKbHZtNW9VTlp4enBuWDJ1dUtLOW1GQk03MFNBemNIcV84bjlkOXlzaFJCYnRvNDRnUWgwTGduT0p4TV9ya1M0dFpvLUho?oc=5"" target=""_blank"">San Diegans protest outside Camp Pendleton following federal immigration raids</a>&nbsp;&nbsp;<font color=""#6f6f6f"">NBC 7 San Diego</font>","Mon, 09 Jun 2025 00:18:36 GMT",https://news.google.com/rss/articles/CBMimAFBVV95cUxNeDEzYUoyNTdXakJhS1MwNXNPWmx1UmNDc2FTaVdfVXJjSlVZb2J5c3VKZ0M0SldKbkZyb0l6ckswa0tNLW5JQkFwelliZTZySGVBeUNjNkljdXFLa2d6d3pVTV91VjI5NjQ2b2lSalB1ZXNzZjJtaGRiTGlNNDVQYkJrMndtTkVrR2FFNHZ6NDZZM0hMdlU1c9IBoAFBVV95cUxNQlV6cDd6R3BGSVpvT2g0Z29lM1NaUUNuemRodlpNYUY3Rl9wRlk2U053bkZsMlFZdEZPNlNoeFJhd29lbF9aT2xuN19Ob1lvOTBMdTllMHJxY2lKbHZtNW9VTlp4enBuWDJ1dUtLOW1GQk03MFNBemNIcV84bjlkOXlzaFJCYnRvNDRnUWgwTGduT0p4TV9ya1M0dFpvLUho?oc=5,NBC 7 San Diego
news,Chicago responds to President Donald Trump’s aggressive immigration raids with protests. Here’s what we know. - Chicago Tribune,"<a href=""https://news.google.com/rss/articles/CBMiiAFBVV95cUxNdlJqUHJvWlpYVTNkOENQRHpBRFN0QTNKNTg4TUxWdG9IZko3Z08zNnJKLTNFZURuNUtBQ2ZqQU83c1BWd1J5b1JLRml2QzlLWXY4UVZmYW9QX2gweXdSb2RWdFMtNW94b2E1dmxodUNTR0xXTjktMlJtX0NJSV9qaXVOTFU3SEpx?oc=5"" target=""_blank"">Chicago responds to President Donald Trump’s aggressive immigration raids with protests. Here’s what we know.</a>&nbsp;&nbsp;<font color=""#6f6f6f"">Chicago Tribune</font>","Mon, 09 Jun 2025 20:53:06 GMT",https://news.google.com/rss/articles/CBMiiAFBVV95cUxNdlJqUHJvWlpYVTNkOENQRHpBRFN0QTNKNTg4TUxWdG9IZko3Z08zNnJKLTNFZURuNUtBQ2ZqQU83c1BWd1J5b1JLRml2QzlLWXY4UVZmYW9QX2gweXdSb2RWdFMtNW94b2E1dmxodUNTR0xXTjktMlJtX0NJSV9qaXVOTFU3SEpx?oc=5,Chicago Tribune
news,"Sorry, That’s Not Wyatt Russell in the Viral L.A. Protest Video - Rolling Stone","<a href=""https://news.google.com/rss/articles/CBMioAFBVV95cUxNdUtQNTIzVDVRVW5sdW9nRnpVejlvbExiNG4wY0twT2t1eEpwSjd1bWRhTGVQU3paanBRSjhpLURPMjNEbkVPWlhLNHR2VDdWTlZ6V0J1dndaSjgxR0hlTVloQXdPSUxta09sTmZ3WVBBZGVoY0E3UENLZ1hXWlpnNWdDSTYzT0lmMjVNcWJFZWlDM054eERET0doZ205UW1a?oc=5"" target=""_blank"">Sorry, That’s Not Wyatt Russell in the Viral L.A. Protest Video</a>&nbsp;&nbsp;<font color=""#6f6f6f"">Rolling Stone</font>","Mon, 09 Jun 2025 18:59:54 GMT",https://news.google.com/rss/articles/CBMioAFBVV95cUxNdUtQNTIzVDVRVW5sdW9nRnpVejlvbExiNG4wY0twT2t1eEpwSjd1bWRhTGVQU3paanBRSjhpLURPMjNEbkVPWlhLNHR2VDdWTlZ6V0J1dndaSjgxR0hlTVloQXdPSUxta09sTmZ3WVBBZGVoY0E3UENLZ1hXWlpnNWdDSTYzT0lmMjVNcWJFZWlDM054eERET0doZ205UW1a?oc=5,Rolling Stone
news,"LAPD takes down protester on stilts, drags him away at an anti-ICE riot - New York Post","<a href=""https://news.google.com/rss/articles/CBMirgFBVV95cUxOR0dDWW9ZUFJSUkxyQVNiZjFIU2tzUnc2bDQ3emxURVJQVGtyc3R2bnNRQkxlbUNsaHQ0THVPMV94ZF9iZHE2RHl2c0dWOTl6cTktcERUMDEtb1A4Z3VlRE8zZ2c1ZkNpWFRycnY0UDVtSHdiOG9HckM0WnNjRWhzSW04QlNIclpYYXM4UmxINHphQi1aU3dXenRGblhBZDlURmFWOXY4ZlpSUXBacXc?oc=5"" target=""_blank"">LAPD takes down protester on stilts, drags him away at an anti-ICE riot</a>&nbsp;&nbsp;<font color=""#6f6f6f"">New York Post</font>","Mon, 09 Jun 2025 15:27:00 GMT",https://news.google.com/rss/articles/CBMirgFBVV95cUxOR0dDWW9ZUFJSUkxyQVNiZjFIU2tzUnc2bDQ3emxURVJQVGtyc3R2bnNRQkxlbUNsaHQ0THVPMV94ZF9iZHE2RHl2c0dWOTl6cTktcERUMDEtb1A4Z3VlRE8zZ2c1ZkNpWFRycnY0UDVtSHdiOG9HckM0WnNjRWhzSW04QlNIclpYYXM4UmxINHphQi1aU3dXenRGblhBZDlURmFWOXY4ZlpSUXBacXc?oc=5,New York Post
news,"California to sue Trump administration amid LA protest standoff, Newsom says - Axios","<a href=""https://news.google.com/rss/articles/CBMiiwFBVV95cUxNTW9KYmhZamExOXdoTUVpakQ3cFhmM241eXpzYTFheXlKLUNEaFBENjV2eW1WSjNCTER5eVpRVVdSTzk2OEZDZHptd2hqQ2RfeTAwaEkwTjhjSW85WElUOHp3bmhnbDR4NHRXOGEwU3RWSVo5U21CNEdwVDc5NlNZUm5VTmJGWG40NHVr?oc=5"" target=""_blank"">California to sue Trump administration amid LA protest standoff, Newsom says</a>&nbsp;&nbsp;<font color=""#6f6f6f"">Axios</font>","Mon, 09 Jun 2025 14:26:15 GMT",https://news.google.com/rss/articles/CBMiiwFBVV95cUxNTW9KYmhZamExOXdoTUVpakQ3cFhmM241eXpzYTFheXlKLUNEaFBENjV2eW1WSjNCTER5eVpRVVdSTzk2OEZDZHptd2hqQ2RfeTAwaEkwTjhjSW85WElUOHp3bmhnbDR4NHRXOGEwU3RWSVo5U21CNEdwVDc5NlNZUm5VTmJGWG40NHVr?oc=5,Axios
news,"Immigrants, supporters march to California Capitol in protest of Trump administration's deportation arrests - CBS News","<a href=""https://news.google.com/rss/articles/CBMilAFBVV95cUxPZ3NJQURLdWNKd2E2OHRWUVJwTVpSV29WbUFmbkNwUmptLW82ekx5R0lOcmJjeVpNczBHMVJJLXAyZDB1YzVUR25UTDhQVHo5ZU84SXNmejBFaTJ0d3ZmaTlvQnlyclAwazVHclkxSGhNTkVsTUVwaThPUVBOVEFSZlprc1M0VFY2OE5SYS1BMFd5UVdQ0gGaAUFVX3lxTE9xeWIwX2dlclVMQk1Ob3ZtU3RFQzViaUlrZVVWb3NXZXp3cDZMekVwemdieE1xdENvdUVReEJIZ3JIbjZiUERxSlp4Z1ROblZNc0hYblhyR0IyUUpEYU1pUmhsaUcxZW5LWm5JR3JkbGNvYk5lRzhCWEw4UldLRTFlemM0NTV3WEtZZXlIdTVwVWc2OUk0MnR0Unc?oc=5"" target=""_blank"">Immigrants, supporters march to California Capitol in protest of Trump administration's deportation arrests</a>&nbsp;&nbsp;<font color=""#6f6f6f"">CBS News</font>","Mon, 09 Jun 2025 03:08:23 GMT",https://news.google.com/rss/articles/CBMilAFBVV95cUxPZ3NJQURLdWNKd2E2OHRWUVJwTVpSV29WbUFmbkNwUmptLW82ekx5R0lOcmJjeVpNczBHMVJJLXAyZDB1YzVUR25UTDhQVHo5ZU84SXNmejBFaTJ0d3ZmaTlvQnlyclAwazVHclkxSGhNTkVsTUVwaThPUVBOVEFSZlprc1M0VFY2OE5SYS1BMFd5UVdQ0gGaAUFVX3lxTE9xeWIwX2dlclVMQk1Ob3ZtU3RFQzViaUlrZVVWb3NXZXp3cDZMekVwemdieE1xdENvdUVReEJIZ3JIbjZiUERxSlp4Z1ROblZNc0hYblhyR0IyUUpEYU1pUmhsaUcxZW5LWm5JR3JkbGNvYk5lRzhCWEw4UldLRTFlemM0NTV3WEtZZXlIdTVwVWc2OUk0MnR0Unc?oc=5,CBS News
news,California plans to file lawsuit against Trump over National Guard deployment to protests - PBS,"<a href=""https://news.google.com/rss/articles/CBMiqwFBVV95cUxPSTE3NDhCLVE0Y1A2YTVUSEJacnhFR1gwUk5VR3hzU3BpbFhMRzlyeHJ3QjhxOEh1RkxGR181bENXbkIzMmhoa1hMMDd2RHN5OUtnc1B3LXNxT3JVMndkbU4zbUNyR2JyaFppX1JfVElzdFpVcUxqcUhOYkg5anpMVk5Hem4wN1VIQmM2aHp5S1E1QUpEdjVxZ0w0TXFZSFlfZWRMd3dJX3JpSUXSAbABQVVfeXFMTUd6cUZSMy1uU2ZKc3JzbDFrTFlaYTk3TV9Zc1BlVmU3WHJ0dkNpWVh3MFJYeUt5WjNOeHNmSWJxRlhnVGczQlFKbFRGZGpCMGUtM3FlQkIyT1lLa0NXNDR3UEFtSWRXOHJ5TE9PbVYyR2pKVHNZZk1yNHdsSmxCSDJlMEsxb2t3REk1ZHFneUVsVGVxOGd5LU5Oa1pVeldWYzhwWTdLUlpPTEJpV0pxS20?oc=5"" target=""_blank"">California plans to file lawsuit against Trump over National Guard deployment to protests</a>&nbsp;&nbsp;<font color=""#6f6f6f"">PBS</font>","Mon, 09 Jun 2025 15:14:13 GMT",https://news.google.com/rss/articles/CBMiqwFBVV95cUxPSTE3NDhCLVE0Y1A2YTVUSEJacnhFR1gwUk5VR3hzU3BpbFhMRzlyeHJ3QjhxOEh1RkxGR181bENXbkIzMmhoa1hMMDd2RHN5OUtnc1B3LXNxT3JVMndkbU4zbUNyR2JyaFppX1JfVElzdFpVcUxqcUhOYkg5anpMVk5Hem4wN1VIQmM2aHp5S1E1QUpEdjVxZ0w0TXFZSFlfZWRMd3dJX3JpSUXSAbABQVVfeXFMTUd6cUZSMy1uU2ZKc3JzbDFrTFlaYTk3TV9Zc1BlVmU3WHJ0dkNpWVh3MFJYeUt5WjNOeHNmSWJxRlhnVGczQlFKbFRGZGpCMGUtM3FlQkIyT1lLa0NXNDR3UEFtSWRXOHJ5TE9PbVYyR2pKVHNZZk1yNHdsSmxCSDJlMEsxb2t3REk1ZHFneUVsVGVxOGd5LU5Oa1pVeldWYzhwWTdLUlpPTEJpV0pxS20?oc=5,PBS
news,Anti-ICE activists arrested inside Trump Tower following LA riot response - WCIV,"<a href=""https://news.google.com/rss/articles/CBMisgFBVV95cUxNeHRTSmIzV25fWjNYeXZaRzBhVGdqWXI3ZnFRcEtKelQ4M2ticTVzcWFUdS0zSjhyV0dhTld2RUFaU3d6NzVESk56RGN1RkN2czFRZnRTM3RlaGVvVllGX1g1c2trekZXeDdpWnh0c3dhd2oweTZDOE5nVHpQV3RzSlhsLTRPNnBpTlZ1NXVlbGozUGZZSGxwMGhXYTlqVjNLSS1kek9oZERfakZYanlia2Fn?oc=5"" target=""_blank"">Anti-ICE activists arrested inside Trump Tower following LA riot response</a>&nbsp;&nbsp;<font color=""#6f6f6f"">WCIV</font>","Mon, 09 Jun 2025 21:17:12 GMT",https://news.google.com/rss/articles/CBMisgFBVV95cUxNeHRTSmIzV25fWjNYeXZaRzBhVGdqWXI3ZnFRcEtKelQ4M2ticTVzcWFUdS0zSjhyV0dhTld2RUFaU3d6NzVESk56RGN1RkN2czFRZnRTM3RlaGVvVllGX1g1c2trekZXeDdpWnh0c3dhd2oweTZDOE5nVHpQV3RzSlhsLTRPNnBpTlZ1NXVlbGozUGZZSGxwMGhXYTlqVjNLSS1kek9oZERfakZYanlia2Fn?oc=5,WCIV
news,"Mathews: In Los Angeles, I went to find a riot. Instead I found a quinceañera. - The Mercury News","<a href=""https://news.google.com/rss/articles/CBMisAFBVV95cUxOcUFlSHMzaUljUm8zVl9ldG51ZEQ5NTY5TWV3YkgwVnRZZjRkNmNER2JjanllQ1YyOHJxM3VSandtMGFfeV8tdnNFYVJ6a1ZEVzVRdkwyRGJLNHdLeGxqN3plaHh5MFdWbTRjeXhiV1VLUHNuSHlyNTVDVjFSNlRlWWtEd1J6UXo0OGpuNEFMWE9qa2RlRERqVklKdnhCN0VkbWFWZEcyZGRWTzJwRG1Ga9IBtgFBVV95cUxOS3FtQ3BjbHdJdWwxRGhNSFMtcWpIYl9pbEVLXzJJM0c2cWktXzdsQm9McWRSWmhhdF9qQzRfazFOek9ZRDh4MVhHZkRiUGhicmlaRVRtTTdEYV9vMGlrWG1VbnhOWFJCU3Fvb0NZd1VvcjRvOUNsOG1FWVMyNXhGSVhqbHVEcUluY2tQOFcwNkdTVU9wVGxEUTNCVTNRdjVIZWdBMG5EMWpkR0ZSbWlYMndfck1wUQ?oc=5"" target=""_blank"">Mathews: In Los Angeles, I went to find a riot. Instead I found a quinceañera.</a>&nbsp;&nbsp;<font color=""#6f6f6f"">The Mercury News</font>","Mon, 09 Jun 2025 20:35:51 GMT",https://news.google.com/rss/articles/CBMisAFBVV95cUxOcUFlSHMzaUljUm8zVl9ldG51ZEQ5NTY5TWV3YkgwVnRZZjRkNmNER2JjanllQ1YyOHJxM3VSandtMGFfeV8tdnNFYVJ6a1ZEVzVRdkwyRGJLNHdLeGxqN3plaHh5MFdWbTRjeXhiV1VLUHNuSHlyNTVDVjFSNlRlWWtEd1J6UXo0OGpuNEFMWE9qa2RlRERqVklKdnhCN0VkbWFWZEcyZGRWTzJwRG1Ga9IBtgFBVV95cUxOS3FtQ3BjbHdJdWwxRGhNSFMtcWpIYl9pbEVLXzJJM0c2cWktXzdsQm9McWRSWmhhdF9qQzRfazFOek9ZRDh4MVhHZkRiUGhicmlaRVRtTTdEYV9vMGlrWG1VbnhOWFJCU3Fvb0NZd1VvcjRvOUNsOG1FWVMyNXhGSVhqbHVEcUluY2tQOFcwNkdTVU9wVGxEUTNCVTNRdjVIZWdBMG5EMWpkR0ZSbWlYMndfck1wUQ?oc=5,The Mercury News
news,Albert Ojwang's death in detention: Kenyan activists protest in Nairobi - BBC,"<a href=""https://news.google.com/rss/articles/CBMiWkFVX3lxTE1Ic3EtYkc5RFl2M2tJcEIwN3JUTm8xVTdQTzdIMFFDS2d6X3V0cC02R3VNTDA2d3ZoS284ZkhwLW1uYVBfcU9KVFN0c2MxLWJ1NTJCamwyU0xyQdIBX0FVX3lxTE04cmZzaTUxZWV3X2I4cklfVTNBUE5hZTZBVnJPdmt6UkJlWjV1QU9BdkZkd04xbjJaNGRyZG5VclpCd3FmYlh6RGFtZ0pEY2hKc2lTaEhlUUNBTzBRMlo4?oc=5"" target=""_blank"">Albert Ojwang's death in detention: Kenyan activists protest in Nairobi</a>&nbsp;&nbsp;<font color=""#6f6f6f"">BBC</font>","Mon, 09 Jun 2025 15:48:08 GMT",https://news.google.com/rss/articles/CBMiWkFVX3lxTE1Ic3EtYkc5RFl2M2tJcEIwN3JUTm8xVTdQTzdIMFFDS2d6X3V0cC02R3VNTDA2d3ZoS284ZkhwLW1uYVBfcU9KVFN0c2MxLWJ1NTJCamwyU0xyQdIBX0FVX3lxTE04cmZzaTUxZWV3X2I4cklfVTNBUE5hZTZBVnJPdmt6UkJlWjV1QU9BdkZkd04xbjJaNGRyZG5VclpCd3FmYlh6RGFtZ0pEY2hKc2lTaEhlUUNBTzBRMlo4?oc=5,BBC
news,Three guards held hostage during overnight riot at Trousdale Turner Correctional Facility - News Channel 5 Nashville,"<a href=""https://news.google.com/rss/articles/CBMiwAFBVV95cUxPU1dvV1VNZ1dHTzhqcVhOWkMtNjZ5dC1LdEVnLWpjY3ZrTkhjYjVCbFJQMDZKNFBsNHp2ZEdYLXU2RXNzd2JOZF9adkNfbU5vank5WE80QzVfQzBaQTJmYm9UNy13SWVMX1E2SkJXU3pqdUFybE9hSVJhMG9HU3cxTkNOU20wbDZ1VlAzZjNTeWRqbk4xSE9nOXV4Ym9idDdJRzBFNFZiRFV5ODlET3ZtNkxIdUlhRmtidUNoM2JxNXg?oc=5"" target=""_blank"">Three guards held hostage during overnight riot at Trousdale Turner Correctional Facility</a>&nbsp;&nbsp;<font color=""#6f6f6f"">News Channel 5 Nashville</font>","Mon, 09 Jun 2025 09:00:01 GMT",https://news.google.com/rss/articles/CBMiwAFBVV95cUxPU1dvV1VNZ1dHTzhqcVhOWkMtNjZ5dC1LdEVnLWpjY3ZrTkhjYjVCbFJQMDZKNFBsNHp2ZEdYLXU2RXNzd2JOZF9adkNfbU5vank5WE80QzVfQzBaQTJmYm9UNy13SWVMX1E2SkJXU3pqdUFybE9hSVJhMG9HU3cxTkNOU20wbDZ1VlAzZjNTeWRqbk4xSE9nOXV4Ym9idDdJRzBFNFZiRFV5ODlET3ZtNkxIdUlhRmtidUNoM2JxNXg?oc=5,News Channel 5 Nashville
news,Aerial video shows Los Angeles protest - CNN,"<a href=""https://news.google.com/rss/articles/CBMif0FVX3lxTE14TTJLN01DT0VnMlJUOUdJQVhMM29CbTlCWkprRXVoOHdXakNKQmNxUk9wbDVCcXlWY3hvMW1kaEQ1b09FbU1TSkJlUl9ORUdPTE9DMTdCVExaTUJxajFCWG9RWklFc1I5TTBGWmlYOWxBbUVPT1BZWGgzdHppaVU?oc=5"" target=""_blank"">Aerial video shows Los Angeles protest</a>&nbsp;&nbsp;<font color=""#6f6f6f"">CNN</font>","Mon, 09 Jun 2025 00:39:00 GMT",https://news.google.com/rss/articles/CBMif0FVX3lxTE14TTJLN01DT0VnMlJUOUdJQVhMM29CbTlCWkprRXVoOHdXakNKQmNxUk9wbDVCcXlWY3hvMW1kaEQ1b09FbU1TSkJlUl9ORUdPTE9DMTdCVExaTUJxajFCWG9RWklFc1I5TTBGWmlYOWxBbUVPT1BZWGgzdHppaVU?oc=5,CNN
news,Hundreds of protesters hit the streets of San Francisco to protest ICE raids - KRON4,"<a href=""https://news.google.com/rss/articles/CBMiwAFBVV95cUxQc1RKSXdKTFI1dEMyb2EyZFdmTkJRU1dIV3JHalppNUhQZTI1clZ2UWFGeTZmd0E4c0NZZ0ZCN0JSeXd4aldPU1llRlFQaUlBYU5tZnhGSnBzaC04b0U1R2wtQW4yV2NSNmhGMi0tOWZWTGg4QUxxcXJ2dnV1S2x3RGpqUWVmRW4tclZFR3lTZldXUFAxRzkzcFZLbjBqSjh3MVlWUlQtM0RKUHRTendjZE04aEw2ODIzRWtJZi1NM2XSAcYBQVVfeXFMUGZfYUx2UW1ScENoeWlOV2JTS3Q1QkEtOUd0azdIcWhNcTdkMmItRFJCRzREMEhBMWRXY2VLN25xTEYzYzBYazk4TjRHNzJ4ODFEVC1pZWlYekNEZmQ5SkJ0MTI4MDVuQy16SWFPcXlxYjJjUXZMeUZROUx6TGUxUEwzNFVPaFZOdjFJODhoZDdhZmEzdnlrQnVBbFRWTDF0Qk4tR2J2VHNyek5xTVBaNVJwWFJFM3o3UWhCTkRIamNXVjNlbGt3?oc=5"" target=""_blank"">Hundreds of protesters hit the streets of San Francisco to protest ICE raids</a>&nbsp;&nbsp;<font color=""#6f6f6f"">KRON4</font>","Mon, 09 Jun 2025 05:22:05 GMT",https://news.google.com/rss/articles/CBMiwAFBVV95cUxQc1RKSXdKTFI1dEMyb2EyZFdmTkJRU1dIV3JHalppNUhQZTI1clZ2UWFGeTZmd0E4c0NZZ0ZCN0JSeXd4aldPU1llRlFQaUlBYU5tZnhGSnBzaC04b0U1R2wtQW4yV2NSNmhGMi0tOWZWTGg4QUxxcXJ2dnV1S2x3RGpqUWVmRW4tclZFR3lTZldXUFAxRzkzcFZLbjBqSjh3MVlWUlQtM0RKUHRTendjZE04aEw2ODIzRWtJZi1NM2XSAcYBQVVfeXFMUGZfYUx2UW1ScENoeWlOV2JTS3Q1QkEtOUd0azdIcWhNcTdkMmItRFJCRzREMEhBMWRXY2VLN25xTEYzYzBYazk4TjRHNzJ4ODFEVC1pZWlYekNEZmQ5SkJ0MTI4MDVuQy16SWFPcXlxYjJjUXZMeUZROUx6TGUxUEwzNFVPaFZOdjFJODhoZDdhZmEzdnlrQnVBbFRWTDF0Qk4tR2J2VHNyek5xTVBaNVJwWFJFM3o3UWhCTkRIamNXVjNlbGt3?oc=5,KRON4
news,Houstonians join protests over ICE raids and deportations - KHOU,"<a href=""https://news.google.com/rss/articles/CBMi2gFBVV95cUxNbE1wa1NMZWZsZkJrUmFxeEFtVlpVTVhranlaYVcyUzNPcklIYmxFMlBvamJ4anpLVVNXT3hGTjA5VlltTGRnaVhpTHBvWlVMbmc4SnVWTDNqaV9Bek1vNDlMRUl3VzJZMlFKczlwUXVsOEZ4NHVEdWUydGMzSGFsa3pNaXlYTU1Kb3NncERJYzNxLXA2eC1oTlhtNEZBQUhRM0o5U3NoZkZOb2RxWExocXRvNFlqbmdRVlpGQlJxZGlidy0yRFBwU1JPSlhpMjVNMjgxdG9tSWtTUQ?oc=5"" target=""_blank"">Houstonians join protests over ICE raids and deportations</a>&nbsp;&nbsp;<font color=""#6f6f6f"">KHOU</font>","Mon, 09 Jun 2025 02:56:00 GMT",https://news.google.com/rss/articles/CBMi2gFBVV95cUxNbE1wa1NMZWZsZkJrUmFxeEFtVlpVTVhranlaYVcyUzNPcklIYmxFMlBvamJ4anpLVVNXT3hGTjA5VlltTGRnaVhpTHBvWlVMbmc4SnVWTDNqaV9Bek1vNDlMRUl3VzJZMlFKczlwUXVsOEZ4NHVEdWUydGMzSGFsa3pNaXlYTU1Kb3NncERJYzNxLXA2eC1oTlhtNEZBQUhRM0o5U3NoZkZOb2RxWExocXRvNFlqbmdRVlpGQlJxZGlidy0yRFBwU1JPSlhpMjVNMjgxdG9tSWtTUQ?oc=5,KHOU
news,At least 24 arrested at ICE protest inside Manhattan’s Trump Tower - New York Daily News,"<a href=""https://news.google.com/rss/articles/CBMiiAFBVV95cUxNSWh4UDRGLWowbjRQTkIxQ2RzcnVSa2lOdmtJWUVLVklGOHVJVlRVWFFLc1NxOFEzeHNwTDRoOVhXcjk0RDg4NzkwQUdmQW8zYmNNNk1OQTlhaVczd0d6Nnh2b0hFWFI5VXBjdG5TMlBVWUI5Qk93dzRpZ080RTJCcEJjTVRJX19K?oc=5"" target=""_blank"">At least 24 arrested at ICE protest inside Manhattan’s Trump Tower</a>&nbsp;&nbsp;<font color=""#6f6f6f"">New York Daily News</font>","Mon, 09 Jun 2025 18:26:56 GMT",https://news.google.com/rss/articles/CBMiiAFBVV95cUxNSWh4UDRGLWowbjRQTkIxQ2RzcnVSa2lOdmtJWUVLVklGOHVJVlRVWFFLc1NxOFEzeHNwTDRoOVhXcjk0RDg4NzkwQUdmQW8zYmNNNk1OQTlhaVczd0d6Nnh2b0hFWFI5VXBjdG5TMlBVWUI5Qk93dzRpZ080RTJCcEJjTVRJX19K?oc=5,New York Daily News
news,"‘We’re not afraid of you’: LA protesters, enraged by Trump, flood the streets - The Guardian","<a href=""https://news.google.com/rss/articles/CBMigwFBVV95cUxPRzhWSW9wdnFFQUZoaUdYVW1EdWNIWWctcl84ZXRZaC1hckI0Z3Q3ajV5S3RfSWdiQlNOcWFDOF9SUXlXVkZmVVpGZ19DM1pITXBNX09MWVVTRVJhdmpZbnRnSU1yaFlhcW81Q2FFQV95MG1na0QyendQSUJjSXg2alBaRQ?oc=5"" target=""_blank"">‘We’re not afraid of you’: LA protesters, enraged by Trump, flood the streets</a>&nbsp;&nbsp;<font color=""#6f6f6f"">The Guardian</font>","Mon, 09 Jun 2025 02:15:00 GMT",https://news.google.com/rss/articles/CBMigwFBVV95cUxPRzhWSW9wdnFFQUZoaUdYVW1EdWNIWWctcl84ZXRZaC1hckI0Z3Q3ajV5S3RfSWdiQlNOcWFDOF9SUXlXVkZmVVpGZ19DM1pITXBNX09MWVVTRVJhdmpZbnRnSU1yaFlhcW81Q2FFQV95MG1na0QyendQSUJjSXg2alBaRQ?oc=5,The Guardian
news,Crowd gathers at Tampa City Hall to protest ICE raids - WFLA,"<a href=""https://news.google.com/rss/articles/CBMimwFBVV95cUxNNHY2LUsxQUw4WlJsUGhWWnZxeHZRQ2VrWC1zRXhjNkFTbURieXpLYlFHWERXWHZNd1FPYTUyQW9qdERVQ3ozRW1TMWl4VUY4SEVWbTBuanRsLVJ3Mm04eWxCcEJ2LXNGQU1IZkhWdVc5Nk1qME1HTm5OcTBUdGYwV01iM09keU5FdW5pdFp4M185bjBkODFWeTNfNNIBoAFBVV95cUxNMUZzUHpsZFNUVDNRb0lDaEI0RWZWSkVXSXFMTng0Qmc5WERlVlNJZWphUVVUX0ZvYUtOUWJlOXNpaEx3R0UzMi1QcmMzcGFlUUkwRGJicHVZc18zOFRnclREQ1NDckp4d0JhTnNzY0pCMm5RYkJBNTQtNkw3dnFhOE54N3NLR1FwVmZRdDJKR1BHbHZVN0FGb3NjZTkwS0sz?oc=5"" target=""_blank"">Crowd gathers at Tampa City Hall to protest ICE raids</a>&nbsp;&nbsp;<font color=""#6f6f6f"">WFLA</font>","Mon, 09 Jun 2025 14:01:21 GMT",https://news.google.com/rss/articles/CBMimwFBVV95cUxNNHY2LUsxQUw4WlJsUGhWWnZxeHZRQ2VrWC1zRXhjNkFTbURieXpLYlFHWERXWHZNd1FPYTUyQW9qdERVQ3ozRW1TMWl4VUY4SEVWbTBuanRsLVJ3Mm04eWxCcEJ2LXNGQU1IZkhWdVc5Nk1qME1HTm5OcTBUdGYwV01iM09keU5FdW5pdFp4M185bjBkODFWeTNfNNIBoAFBVV95cUxNMUZzUHpsZFNUVDNRb0lDaEI0RWZWSkVXSXFMTng0Qmc5WERlVlNJZWphUVVUX0ZvYUtOUWJlOXNpaEx3R0UzMi1QcmMzcGFlUUkwRGJicHVZc18zOFRnclREQ1NDckp4d0JhTnNzY0pCMm5RYkJBNTQtNkw3dnFhOE54N3NLR1FwVmZRdDJKR1BHbHZVN0FGb3NjZTkwS0sz?oc=5,WFLA
news,ICE protest planned in Dallas - CBS News,"<a href=""https://news.google.com/rss/articles/CBMidEFVX3lxTE9GWHFRZUhrYk1YYmlMRXNJS21jSUQteUdRWXJScWRla18tTlptN29yeU1xWDZVek5IZlgtQ1NRY0NOOVh0WXdock1hbHJKUXh5VkYyZ1JwOHY5VDRaQ1g0MVJmSWhyVkxyNlhpS1ZoeWdDTmJW?oc=5"" target=""_blank"">ICE protest planned in Dallas</a>&nbsp;&nbsp;<font color=""#6f6f6f"">CBS News</font>","Mon, 09 Jun 2025 21:43:00 GMT",https://news.google.com/rss/articles/CBMidEFVX3lxTE9GWHFRZUhrYk1YYmlMRXNJS21jSUQteUdRWXJScWRla18tTlptN29yeU1xWDZVek5IZlgtQ1NRY0NOOVh0WXdock1hbHJKUXh5VkYyZ1JwOHY5VDRaQ1g0MVJmSWhyVkxyNlhpS1ZoeWdDTmJW?oc=5,CBS News
news,"Gas station looted, car set on fire in anti-ICE protests - NBC News","<a href=""https://news.google.com/rss/articles/CBMinwFBVV95cUxPME1OTnYyNzFEVGQ4eDAwMVRlQ1dtSGFxblY2cXNqcFZ0M1VSTTN5MXhFRGphUjlqYkhsMmFSdG1MM042Tjh1UEl2VmhNNGN0QmRPeEI3bXlqYk8xY2VoQ01na0NQSW9nUGRzRnZtWG40VjBMazR3Z1BGc3hoZWdob2tDOGw3ckxXbEE5aEZNSzY2bVBMSUQwQ0NlTHpYUmfSAWZBVV95cUxPbVkxZWJ2Y1NOaUIwekFZUVQ0ZkswVjNmSVpBRzhXcmZmZWxVLVh5VlZhZWd1OGJUb1E3X3h1WUJIQkFMQkFyYXhlbUZkZkJmM1NXdXZ5VV9uVmRUQ0xCUkVmQ2NQS0E?oc=5"" target=""_blank"">Gas station looted, car set on fire in anti-ICE protests</a>&nbsp;&nbsp;<font color=""#6f6f6f"">NBC News</font>","Sun, 08 Jun 2025 21:28:46 GMT",https://news.google.com/rss/articles/CBMinwFBVV95cUxPME1OTnYyNzFEVGQ4eDAwMVRlQ1dtSGFxblY2cXNqcFZ0M1VSTTN5MXhFRGphUjlqYkhsMmFSdG1MM042Tjh1UEl2VmhNNGN0QmRPeEI3bXlqYk8xY2VoQ01na0NQSW9nUGRzRnZtWG40VjBMazR3Z1BGc3hoZWdob2tDOGw3ckxXbEE5aEZNSzY2bVBMSUQwQ0NlTHpYUmfSAWZBVV95cUxPbVkxZWJ2Y1NOaUIwekFZUVQ0ZkswVjNmSVpBRzhXcmZmZWxVLVh5VlZhZWd1OGJUb1E3X3h1WUJIQkFMQkFyYXhlbUZkZkJmM1NXdXZ5VV9uVmRUQ0xCUkVmQ2NQS0E?oc=5,NBC News
news,Veterans lead demonstration at Camp Pendleton against potential LA military deployment - cbs8.com,"<a href=""https://news.google.com/rss/articles/CBMi6AFBVV95cUxQZUFfMkdQaE5NQjEyRFI2WDlTdzJiV0RHdEo1MGQtMlo1dkRKUVlTQ01SRVpCbFo5R1hYOG5nZ1d5RTQ0Qm9aaDZyMGdMcndKTWdESW1SQmZfa2xnYTlqMXJoTEZQbWRVZXMwajFITjF3LVhjTGF5RGNHaEZaUXhaMHNmUjZDZHQ1WmJDT0lmN1RXT1Q5Z0F2R21vT0psWTEtUWhxUzhLM1JaejZQVFlpVWNQcVpES291MVp5YmxPRHJrQzJDcXpabm1fbWtWTHZrVy1VYURfRXRrUzktbFNmRlV1ZGtRVTd5?oc=5"" target=""_blank"">Veterans lead demonstration at Camp Pendleton against potential LA military deployment</a>&nbsp;&nbsp;<font color=""#6f6f6f"">cbs8.com</font>","Mon, 09 Jun 2025 02:02:00 GMT",https://news.google.com/rss/articles/CBMi6AFBVV95cUxQZUFfMkdQaE5NQjEyRFI2WDlTdzJiV0RHdEo1MGQtMlo1dkRKUVlTQ01SRVpCbFo5R1hYOG5nZ1d5RTQ0Qm9aaDZyMGdMcndKTWdESW1SQmZfa2xnYTlqMXJoTEZQbWRVZXMwajFITjF3LVhjTGF5RGNHaEZaUXhaMHNmUjZDZHQ1WmJDT0lmN1RXT1Q5Z0F2R21vT0psWTEtUWhxUzhLM1JaejZQVFlpVWNQcVpES291MVp5YmxPRHJrQzJDcXpabm1fbWtWTHZrVy1VYURfRXRrUzktbFNmRlV1ZGtRVTd5?oc=5,cbs8.com
news,CT leaders react to deployment of National Guard during L.A. protest - WFSB,"<a href=""https://news.google.com/rss/articles/CBMimAFBVV95cUxNWnJVVDRfS0FrbjR6VmRIbGRuZjVmOTd0eFRCMFNkSEx2dGJERDZOUDNkLW9rSnRmWDktWC05LVdyQU55b0dwVUdGcThXOWFLWGUzVzRzRVBUSmtkTG5zR0VXY21SU1ZnT3pLOTFwRGZ4YjkydUFnejJvWXgxaVVzVm9INVM3aDlEQ3YtMkFDRng2OFNVMjJRUtIBrAFBVV95cUxOVFZQZkFRMzdUdF9hcUM5NENBbUFCSERJVFBLd285VHB5VjJ2anhHU21FMFZ2cVFNcE5MV3g2SFhZN3R0MVBQaDM2YmpGZVg0LUNaZnhrdTFDUjNPbVV4SGFHMnhJaVJReWMtZ2hkSUZZUlpGcWwtbENzXzQ3V3Y2Q0pMM1N1RWdCNFEyLVE5VGhzaTBWRnVMZ1lRRFFqWkpIVlpSS1NIX0xISzJ6?oc=5"" target=""_blank"">CT leaders react to deployment of National Guard during L.A. protest</a>&nbsp;&nbsp;<font color=""#6f6f6f"">WFSB</font>","Mon, 09 Jun 2025 11:22:00 GMT",https://news.google.com/rss/articles/CBMimAFBVV95cUxNWnJVVDRfS0FrbjR6VmRIbGRuZjVmOTd0eFRCMFNkSEx2dGJERDZOUDNkLW9rSnRmWDktWC05LVdyQU55b0dwVUdGcThXOWFLWGUzVzRzRVBUSmtkTG5zR0VXY21SU1ZnT3pLOTFwRGZ4YjkydUFnejJvWXgxaVVzVm9INVM3aDlEQ3YtMkFDRng2OFNVMjJRUtIBrAFBVV95cUxOVFZQZkFRMzdUdF9hcUM5NENBbUFCSERJVFBLd285VHB5VjJ2anhHU21FMFZ2cVFNcE5MV3g2SFhZN3R0MVBQaDM2YmpGZVg0LUNaZnhrdTFDUjNPbVV4SGFHMnhJaVJReWMtZ2hkSUZZUlpGcWwtbENzXzQ3V3Y2Q0pMM1N1RWdCNFEyLVE5VGhzaTBWRnVMZ1lRRFFqWkpIVlpSS1NIX0xISzJ6?oc=5,WFSB
news,Trump deploys National Guard in L.A. amid protests over immigration raids - NBC News,"<a href=""https://news.google.com/rss/articles/CBMingFBVV95cUxQemFzOVQ3THJkc081SldYeWtLZi1nRGdVLUdUTEdIQThOWnRaN0lLdElsSkZSZHBtWTdWb0dXWmhaSnU1QzVSVHVRbHpmRFhPbDZJS0dSVDVHdWtlWEcyZ2hkMm5DeVpiSXZTVEVENlVIcnVBN3ItN2N5OVRHeHZHM1V0dnFDX05OVDFnNlFfczJJMHJtVTgxdXZUN283UdIBY0FVX3lxTE1QR0hqaUZvWTd4UEh1NFdsdXI4bFhqTEJRX1VuTzdhYUxldGxDT05LV0Z4NzF1OUlnVDJta2ROWGFBbTNIZXNlZm9nSTJNdmdYYk5KQm9LdzJyT3Y3Q1k4NndBOA?oc=5"" target=""_blank"">Trump deploys National Guard in L.A. amid protests over immigration raids</a>&nbsp;&nbsp;<font color=""#6f6f6f"">NBC News</font>","Sun, 08 Jun 2025 10:03:04 GMT",https://news.google.com/rss/articles/CBMingFBVV95cUxQemFzOVQ3THJkc081SldYeWtLZi1nRGdVLUdUTEdIQThOWnRaN0lLdElsSkZSZHBtWTdWb0dXWmhaSnU1QzVSVHVRbHpmRFhPbDZJS0dSVDVHdWtlWEcyZ2hkMm5DeVpiSXZTVEVENlVIcnVBN3ItN2N5OVRHeHZHM1V0dnFDX05OVDFnNlFfczJJMHJtVTgxdXZUN283UdIBY0FVX3lxTE1QR0hqaUZvWTd4UEh1NFdsdXI4bFhqTEJRX1VuTzdhYUxldGxDT05LV0Z4NzF1OUlnVDJta2ROWGFBbTNIZXNlZm9nSTJNdmdYYk5KQm9LdzJyT3Y3Q1k4NndBOA?oc=5,NBC News
news,California governor calls Trump National Guard deployment in LA unlawful - Reuters,"<a href=""https://news.google.com/rss/articles/CBMivAFBVV95cUxOYl82dXhmVE9aWjN4eGw0SjBBdUg4djFXa21qZVJjM0xBeVBxb1NlalZ4ODhjSi1hWVlHSW9uXzd4YU1RbTVRZGFfYl9DN0l6WTI4RlJqTGp0b0ZxOFBLV29oZW5iSmJVbzF5TjNzaW1HVTByaGRnR2pDYUNwYkRBQm1MSUpLbGpGNkowbDh0M1BIa1E5WlZKUTJXR2VqaExtZ2RSSkZSS1ctejFEbjZJODlnc3VBZC1zTkJrWA?oc=5"" target=""_blank"">California governor calls Trump National Guard deployment in LA unlawful</a>&nbsp;&nbsp;<font color=""#6f6f6f"">Reuters</font>","Mon, 09 Jun 2025 10:24:56 GMT",https://news.google.com/rss/articles/CBMivAFBVV95cUxOYl82dXhmVE9aWjN4eGw0SjBBdUg4djFXa21qZVJjM0xBeVBxb1NlalZ4ODhjSi1hWVlHSW9uXzd4YU1RbTVRZGFfYl9DN0l6WTI4RlJqTGp0b0ZxOFBLV29oZW5iSmJVbzF5TjNzaW1HVTByaGRnR2pDYUNwYkRBQm1MSUpLbGpGNkowbDh0M1BIa1E5WlZKUTJXR2VqaExtZ2RSSkZSS1ctejFEbjZJODlnc3VBZC1zTkJrWA?oc=5,Reuters
news,"As U.S. veterans plan protest for D-Day, here’s a look at their nearly 250-year history of fighting for their benefits - PBS","<a href=""https://news.google.com/rss/articles/CBMi5gFBVV95cUxPQXUzWU5ld3U5NGE4RVdqQUlOUGo4TU5iNEtJNmR1UDZRclJ1WWU1bUxLVnhSRUVkc1FLTzNWYm5ISG9kX0otUDllUUg3dW9SWVVSX3kwZUxISnpXeUhWNXZJd09sUjBuX0s0RFhrM3BIclkxZ1Utd1pXaTd6TWY0Slk3ajZXVG96ZmphR2dFaWYwMElGb2JwMDREYV85SEFJcmM5dFBreGVzWHhDamRRaFo1WGxzNGpiZm91NWpwVjZTdkZhTkp2NXVWV0VoSlFDZE5JcTZDM0c0V0VCeHYyaDF4RWozQdIB6wFBVV95cUxNN2F4Njg1T2t0LThHSWh5V3pGWVl2ZmpnalVHVC04bVB3OTJvQWR1MGZ6aEg2Z0FnU1g4MzBFUlBXTkhzSUdPbDA2NUx5ZjI5bmllblJ2d2c3ZWtrZERGNlhUVElYdDBzYWNKdWN4RWRmZ1laNGstR21teXBmeUpMYjBzekNXYVlGdTdYNGo0dEo5c3FUbUE2SXZGU3RYSHd1dTd1SWRQVWlqM0xiX0ZYMHJwc1NEbS1EWEhudXhXYm9NaEJIQkhPMEJfNTJsNFpPVzJ6WVlYWlF2eXhGSVc3elF4aFhQNjNGdGtB?oc=5"" target=""_blank"">As U.S. veterans plan protest for D-Day, here’s a look at their nearly 250-year history of fighting for their benefits</a>&nbsp;&nbsp;<font color=""#6f6f6f"">PBS</font>","Wed, 04 Jun 2025 22:13:44 GMT",https://news.google.com/rss/articles/CBMi5gFBVV95cUxPQXUzWU5ld3U5NGE4RVdqQUlOUGo4TU5iNEtJNmR1UDZRclJ1WWU1bUxLVnhSRUVkc1FLTzNWYm5ISG9kX0otUDllUUg3dW9SWVVSX3kwZUxISnpXeUhWNXZJd09sUjBuX0s0RFhrM3BIclkxZ1Utd1pXaTd6TWY0Slk3ajZXVG96ZmphR2dFaWYwMElGb2JwMDREYV85SEFJcmM5dFBreGVzWHhDamRRaFo1WGxzNGpiZm91NWpwVjZTdkZhTkp2NXVWV0VoSlFDZE5JcTZDM0c0V0VCeHYyaDF4RWozQdIB6wFBVV95cUxNN2F4Njg1T2t0LThHSWh5V3pGWVl2ZmpnalVHVC04bVB3OTJvQWR1MGZ6aEg2Z0FnU1g4MzBFUlBXTkhzSUdPbDA2NUx5ZjI5bmllblJ2d2c3ZWtrZERGNlhUVElYdDBzYWNKdWN4RWRmZ1laNGstR21teXBmeUpMYjBzekNXYVlGdTdYNGo0dEo5c3FUbUE2SXZGU3RYSHd1dTd1SWRQVWlqM0xiX0ZYMHJwc1NEbS1EWEhudXhXYm9NaEJIQkhPMEJfNTJsNFpPVzJ6WVlYWlF2eXhGSVc3elF4aFhQNjNGdGtB?oc=5,PBS
news,The Protest Dilemma - The Bulwark,"<a href=""https://news.google.com/rss/articles/CBMiXEFVX3lxTE4tTXBEVkNtcUhaWm9QcUNGbmFaTmlxUTZSY0RZLTF6aFJ6czZzRmpVNjliZDg0c3RTMDZrajlySE5ZOUZ1amJqWFhRZnNPMkhYcXlOOUswVTVheXdV?oc=5"" target=""_blank"">The Protest Dilemma</a>&nbsp;&nbsp;<font color=""#6f6f6f"">The Bulwark</font>","Mon, 09 Jun 2025 16:36:01 GMT",https://news.google.com/rss/articles/CBMiXEFVX3lxTE4tTXBEVkNtcUhaWm9QcUNGbmFaTmlxUTZSY0RZLTF6aFJ6czZzRmpVNjliZDg0c3RTMDZrajlySE5ZOUZ1amJqWFhRZnNPMkhYcXlOOUswVTVheXdV?oc=5,The Bulwark
news,The First Pride Was a Riot: The Origins of Pride Month - American University,"<a href=""https://news.google.com/rss/articles/CBMickFVX3lxTE5BcXlGZGdPZjVrdXVCMXNvcm1BMGdDLWUtTVl1VFFDclR2QnQ0ZmJDUGFvNmM4YjlBN0pTSGNxeHVhRzdKNk1OdHBzZmlfRDVRN2d4RE5CbngyN0w0Y1IwRmFPbDB6MHZJWlowanFHSEZWQQ?oc=5"" target=""_blank"">The First Pride Was a Riot: The Origins of Pride Month</a>&nbsp;&nbsp;<font color=""#6f6f6f"">American University</font>","Wed, 04 Jun 2025 19:00:00 GMT",https://news.google.com/rss/articles/CBMickFVX3lxTE5BcXlGZGdPZjVrdXVCMXNvcm1BMGdDLWUtTVl1VFFDclR2QnQ0ZmJDUGFvNmM4YjlBN0pTSGNxeHVhRzdKNk1OdHBzZmlfRDVRN2d4RE5CbngyN0w0Y1IwRmFPbDB6MHZJWlowanFHSEZWQQ?oc=5,American University
news,What I Saw in Los Angeles Last Night - The Cut,"<a href=""https://news.google.com/rss/articles/CBMikgFBVV95cUxQZW4xZXMtVlUtSEdmNV8xbHZMNEVBUjBKMFNndW01bTM2SjJaTFlLSHBMWWdQa2o3SzdsTlNmQXFJQlh4Qzd4Z3F3UDh3cW1aSy1sakFoUmVLUXg1LWdHWGNqQTBrWTRTRndTSHdaVDFrSVEyd0tCZ0ZycTJUSGFlVEhoUUFRVGZRcWVuS1dJYVFsUQ?oc=5"" target=""_blank"">What I Saw in Los Angeles Last Night</a>&nbsp;&nbsp;<font color=""#6f6f6f"">The Cut</font>","Mon, 09 Jun 2025 20:48:01 GMT",https://news.google.com/rss/articles/CBMikgFBVV95cUxQZW4xZXMtVlUtSEdmNV8xbHZMNEVBUjBKMFNndW01bTM2SjJaTFlLSHBMWWdQa2o3SzdsTlNmQXFJQlh4Qzd4Z3F3UDh3cW1aSy1sakFoUmVLUXg1LWdHWGNqQTBrWTRTRndTSHdaVDFrSVEyd0tCZ0ZycTJUSGFlVEhoUUFRVGZRcWVuS1dJYVFsUQ?oc=5,The Cut
news,Thousands protest in Madrid against Pedro Sánchez’s government - The Guardian,"<a href=""https://news.google.com/rss/articles/CBMiwgFBVV95cUxQVlJJcWFDWWJldFdHUUZmTFFmR1BGalRrWnAxS2lMcTdNbE1XbV9SY1FtXzZwZENKNWFUNDJZYXBrejhQUXNyaVJEWWt4dGN4T0pwRjVMQmFPREwtRmhHY2dfc3ZhbGNFU1ZsbGFsNUU5NWRwUEYtZDE0Z2RLMEFQeXNiNnd5MzBSRmlQOU4xaGk5cG1ORVZoNnptY3NQdEJYZjViNEJjdFlaTnM0Z3ctQ2xaVnBvODRfR0J6c1lZUkNvdw?oc=5"" target=""_blank"">Thousands protest in Madrid against Pedro Sánchez’s government</a>&nbsp;&nbsp;<font color=""#6f6f6f"">The Guardian</font>","Mon, 09 Jun 2025 01:30:00 GMT",https://news.google.com/rss/articles/CBMiwgFBVV95cUxQVlJJcWFDWWJldFdHUUZmTFFmR1BGalRrWnAxS2lMcTdNbE1XbV9SY1FtXzZwZENKNWFUNDJZYXBrejhQUXNyaVJEWWt4dGN4T0pwRjVMQmFPREwtRmhHY2dfc3ZhbGNFU1ZsbGFsNUU5NWRwUEYtZDE0Z2RLMEFQeXNiNnd5MzBSRmlQOU4xaGk5cG1ORVZoNnptY3NQdEJYZjViNEJjdFlaTnM0Z3ctQ2xaVnBvODRfR0J6c1lZUkNvdw?oc=5,The Guardian
news,"Weekend-long immigration protests in LA. And, who won a Tony Award - NPR","<a href=""https://news.google.com/rss/articles/CBMiswFBVV95cUxNTGNzSDQ1LUJ3NDBmWUJzd3ppS0JxOU5XM2g5MHczVnhSUmQ0cGpxSGRiT2FLalpaZ09VVTh0T2JYSFBYMUhMQnV4bktuZzVWcTJuMXY4VG9xUzE4S09EWVFuV3ZnbGNvUzZsUldJbTVSQ3NxVXF2OXVlM0dFVWFsS0hDaGJWZjJKbTNlbEROZlc0TGVVZjJCR2pEZnZpUURQYzF4eDllZ08zZk5ORHEwMVFjWQ?oc=5"" target=""_blank"">Weekend-long immigration protests in LA. And, who won a Tony Award</a>&nbsp;&nbsp;<font color=""#6f6f6f"">NPR</font>","Mon, 09 Jun 2025 11:13:02 GMT",https://news.google.com/rss/articles/CBMiswFBVV95cUxNTGNzSDQ1LUJ3NDBmWUJzd3ppS0JxOU5XM2g5MHczVnhSUmQ0cGpxSGRiT2FLalpaZ09VVTh0T2JYSFBYMUhMQnV4bktuZzVWcTJuMXY4VG9xUzE4S09EWVFuV3ZnbGNvUzZsUldJbTVSQ3NxVXF2OXVlM0dFVWFsS0hDaGJWZjJKbTNlbEROZlc0TGVVZjJCR2pEZnZpUURQYzF4eDllZ08zZk5ORHEwMVFjWQ?oc=5,NPR
news,Video shows motorcyclists burst through police line - CNN,"<a href=""https://news.google.com/rss/articles/CBMimwFBVV95cUxNUUVfT1ljUkl0T2RuNldtUmxhMEtoMm5HU3pwRm0zVGhtZ2tlaW5UM1Z3bmpkYkFjNGdUaXkwakpXWGlucFI0cVdvU0lYWTNSQlBieEU5Tzg0bjFjSVV5V2haVkV2VzFkcWVqM2w1c3hKSnRiMC1GSktPT2lTMEhMZVBGLW5PcXo0Sy1Oa3pXb2JBaXNDcVVwbHRYTQ?oc=5"" target=""_blank"">Video shows motorcyclists burst through police line</a>&nbsp;&nbsp;<font color=""#6f6f6f"">CNN</font>","Mon, 09 Jun 2025 00:47:05 GMT",https://news.google.com/rss/articles/CBMimwFBVV95cUxNUUVfT1ljUkl0T2RuNldtUmxhMEtoMm5HU3pwRm0zVGhtZ2tlaW5UM1Z3bmpkYkFjNGdUaXkwakpXWGlucFI0cVdvU0lYWTNSQlBieEU5Tzg0bjFjSVV5V2haVkV2VzFkcWVqM2w1c3hKSnRiMC1GSktPT2lTMEhMZVBGLW5PcXo0Sy1Oa3pXb2JBaXNDcVVwbHRYTQ?oc=5,CNN
news,National Guard deployed to Los Angeles as thousands protest immigration raids - CBS News,"<a href=""https://news.google.com/rss/articles/CBMirAFBVV95cUxNRGU5SXBfZ1QxOHY4RVgycHdsVmIzeWxlZmhnTnlGcjlhaHdKaGZLcXVPZnpRLWUzZ2h1T2pJZkJqaWcwYkdBTV9QaXQzb3ZycUhrZXRFSmVvWHhVUVlrQlQ5c2lpY1lJZl9kbjhBam1XWTdBMk9xN3lXdGV6czdTSGkxMk0yV0k5eTBDT0JVQ3BWZGNaa0piSjdHa1JPYndYb3pDRWk4anBid1Fj?oc=5"" target=""_blank"">National Guard deployed to Los Angeles as thousands protest immigration raids</a>&nbsp;&nbsp;<font color=""#6f6f6f"">CBS News</font>","Mon, 09 Jun 2025 11:03:00 GMT",https://news.google.com/rss/articles/CBMirAFBVV95cUxNRGU5SXBfZ1QxOHY4RVgycHdsVmIzeWxlZmhnTnlGcjlhaHdKaGZLcXVPZnpRLWUzZ2h1T2pJZkJqaWcwYkdBTV9QaXQzb3ZycUhrZXRFSmVvWHhVUVlrQlQ5c2lpY1lJZl9kbjhBam1XWTdBMk9xN3lXdGV6czdTSGkxMk0yV0k5eTBDT0JVQ3BWZGNaa0piSjdHa1JPYndYb3pDRWk4anBid1Fj?oc=5,CBS News
news,Three Days of Protest in L.A. - The New York Times,"<a href=""https://news.google.com/rss/articles/CBMiekFVX3lxTE5mXzJyNEhtRFhLY2ZRS2xkcnE4UmRBd1FjSzRXMldmUjI5eEVMU2NfbXdaTTlrcS1KeTZQQ0NFLXJiWVJIcF9feWxfYUR4Mmk1SllSWnVPaE9OcjdablRBenhYbGZfcFAzX2k2cTZid1VVSFBQVEhpaElR?oc=5"" target=""_blank"">Three Days of Protest in L.A.</a>&nbsp;&nbsp;<font color=""#6f6f6f"">The New York Times</font>","Mon, 09 Jun 2025 03:53:38 GMT",https://news.google.com/rss/articles/CBMiekFVX3lxTE5mXzJyNEhtRFhLY2ZRS2xkcnE4UmRBd1FjSzRXMldmUjI5eEVMU2NfbXdaTTlrcS1KeTZQQ0NFLXJiWVJIcF9feWxfYUR4Mmk1SllSWnVPaE9OcjdablRBenhYbGZfcFAzX2k2cTZid1VVSFBQVEhpaElR?oc=5,The New York Times
news,WorldPride parade-goers march through Washington in defiance of Trump - Reuters,"<a href=""https://news.google.com/rss/articles/CBMiqAFBVV95cUxOd3FadDl5LU9ETmVyNXNvUlc5Z0xqRDBJcDJtZGMwdHlsM1lNWmFIWGNCMDhGYXlYOHB3a3lVdU1RQUxya29GT2ptR1IxUWd6SXdKZU1qWVZNU2ZlSVpBU0dtTVVZVDlwNFItRVlPV1hsR2JtcFBiQ05tdkRmV0tBUzg3MzNGbWFzVDRmWU8wT2pXWTRYa3lkUDF1RHRxdVdqemlZZ1pDdUQ?oc=5"" target=""_blank"">WorldPride parade-goers march through Washington in defiance of Trump</a>&nbsp;&nbsp;<font color=""#6f6f6f"">Reuters</font>","Sat, 07 Jun 2025 22:56:02 GMT",https://news.google.com/rss/articles/CBMiqAFBVV95cUxOd3FadDl5LU9ETmVyNXNvUlc5Z0xqRDBJcDJtZGMwdHlsM1lNWmFIWGNCMDhGYXlYOHB3a3lVdU1RQUxya29GT2ptR1IxUWd6SXdKZU1qWVZNU2ZlSVpBU0dtTVVZVDlwNFItRVlPV1hsR2JtcFBiQ05tdkRmV0tBUzg3MzNGbWFzVDRmWU8wT2pXWTRYa3lkUDF1RHRxdVdqemlZZ1pDdUQ?oc=5,Reuters
news,LA protest crackdown offers Trump two victories — and one big risk - The Times,"<a href=""https://news.google.com/rss/articles/CBMingFBVV95cUxOcVVFMTVXNTN4TUJWcjJSVnNqTGxiYXo5b1BwR0tneVpfZHhWOGZnRUM4NEdyR1czSVhYdFNHcDJLVkhvWEZVV2JYS2dZVHlZUDNZWTRQWnRCdnd4VkN4TEFJZF95X0lZcVhfaDF0Sms4eXpkTWZSWW1lZllBNko2dkIwTUJhZTlEUXEzMEQ5cEtsV2x5WnMxRHhkTF9hUQ?oc=5"" target=""_blank"">LA protest crackdown offers Trump two victories — and one big risk</a>&nbsp;&nbsp;<font color=""#6f6f6f"">The Times</font>","Mon, 09 Jun 2025 18:50:54 GMT",https://news.google.com/rss/articles/CBMingFBVV95cUxOcVVFMTVXNTN4TUJWcjJSVnNqTGxiYXo5b1BwR0tneVpfZHhWOGZnRUM4NEdyR1czSVhYdFNHcDJLVkhvWEZVV2JYS2dZVHlZUDNZWTRQWnRCdnd4VkN4TEFJZF95X0lZcVhfaDF0Sms4eXpkTWZSWW1lZllBNko2dkIwTUJhZTlEUXEzMEQ5cEtsV2x5WnMxRHhkTF9hUQ?oc=5,The Times
news,IRS extends tax deadline for March wildfire victims - News on 6,"<a href=""https://news.google.com/rss/articles/CBMiqgFBVV95cUxNNTREV3FfdlNqOWx4S0ZBdC1NTTU5NjVZb0daUXpjMmo4MFFnTkhBZjYyTWNKU2RUYUEtQXRKWjAtTzd5M2NJQm05S2UzVndJTC1oVF8zWXZIQm1mem9oa1AwckZ1UFVtZW5vQTVmLXpkNGpvVkxVM21vQmZyRjM4ellvbS1fX1YxeEVpamF2NnY5c2ZRTXBSOXFyeGZvaHpNUEVHNjBOU29wUQ?oc=5"" target=""_blank"">IRS extends tax deadline for March wildfire victims</a>&nbsp;&nbsp;<font color=""#6f6f6f"">News on 6</font>","Mon, 09 Jun 2025 20:45:33 GMT",https://news.google.com/rss/articles/CBMiqgFBVV95cUxNNTREV3FfdlNqOWx4S0ZBdC1NTTU5NjVZb0daUXpjMmo4MFFnTkhBZjYyTWNKU2RUYUEtQXRKWjAtTzd5M2NJQm05S2UzVndJTC1oVF8zWXZIQm1mem9oa1AwckZ1UFVtZW5vQTVmLXpkNGpvVkxVM21vQmZyRjM4ellvbS1fX1YxeEVpamF2NnY5c2ZRTXBSOXFyeGZvaHpNUEVHNjBOU29wUQ?oc=5,News on 6
news,Officer injured during riot inside Tennessee’s Trousdale Turner Correctional Center - WSMV,"<a href=""https://news.google.com/rss/articles/CBMitgFBVV95cUxQZUVMZzJaenVkZy01S1p4UzQ1dDRDRjRya1BKbEw4T3FVdTJaS2pQcWFOb01mVk5zdllrZWxjRTdPbnVlc3cwbFZSZ0hpS25yT25qblk0XzFVcGpoaFl5XzRrWks1bzFYQVNxNl9xc2JxR3Nqc1NXWlc2RFJmVTBMaHVWR2tEVVVnNWRreFIydWlJMFBiUDhGTHZJcXJWdjBWOG5sdFo0SjBEVDh2N1Q5eVEzd1ROdw?oc=5"" target=""_blank"">Officer injured during riot inside Tennessee’s Trousdale Turner Correctional Center</a>&nbsp;&nbsp;<font color=""#6f6f6f"">WSMV</font>","Mon, 09 Jun 2025 09:25:00 GMT",https://news.google.com/rss/articles/CBMitgFBVV95cUxQZUVMZzJaenVkZy01S1p4UzQ1dDRDRjRya1BKbEw4T3FVdTJaS2pQcWFOb01mVk5zdllrZWxjRTdPbnVlc3cwbFZSZ0hpS25yT25qblk0XzFVcGpoaFl5XzRrWks1bzFYQVNxNl9xc2JxR3Nqc1NXWlc2RFJmVTBMaHVWR2tEVVVnNWRreFIydWlJMFBiUDhGTHZJcXJWdjBWOG5sdFo0SjBEVDh2N1Q5eVEzd1ROdw?oc=5,WSMV
news,Seattle protest at City Hall: SEIU president’s arrest sparks action - MyNorthwest.com,"<a href=""https://news.google.com/rss/articles/CBMid0FVX3lxTE12NkZHS1dQOVlWN241aGlubVMyVEJUMUI4d0MtZnZDaEFmSmN4TkVoLTgxUV8xenZmdXM2ZlNFTFFSOERoS3V0U2FTb3ppMkdlVmhyZTdhQkxBRWVIYmVMTmhNVE4teUN0TU9iNUFRMjM5ZlVxeXAw?oc=5"" target=""_blank"">Seattle protest at City Hall: SEIU president’s arrest sparks action</a>&nbsp;&nbsp;<font color=""#6f6f6f"">MyNorthwest.com</font>","Mon, 09 Jun 2025 20:20:11 GMT",https://news.google.com/rss/articles/CBMid0FVX3lxTE12NkZHS1dQOVlWN241aGlubVMyVEJUMUI4d0MtZnZDaEFmSmN4TkVoLTgxUV8xenZmdXM2ZlNFTFFSOERoS3V0U2FTb3ppMkdlVmhyZTdhQkxBRWVIYmVMTmhNVE4teUN0TU9iNUFRMjM5ZlVxeXAw?oc=5,MyNorthwest.com
news,Dropkick Murphys join military veterans rallying in D.C. to protest federal cuts - Boston.com,"<a href=""https://news.google.com/rss/articles/CBMixwFBVV95cUxNdkpwaWRZSTd6MnRZeUoxTzBZU3QtN2ZROG5GTGFRdDdzWUNkWGxrUGFaTHpUdnVCM3owNnUyS25DR0N3WDd6M1NzbHdXSHJoTUtWeXJBOTVnRl93N3N1VEJ0blB4Zy1lZW5HUndzNHJXcktKaG9aTGpmME02VXdzdlBIbDZ1T1V6VTJkNVlEWFQyVHhuY2c1QjA1WDB3N1dkSnRxVkc2Ymo1YmYzX1BPZmtNV1gySmQyeUpGaHVSVlF5aWtiVkt30gHPAUFVX3lxTE9rWjhrWlY3bTVrUF9LTDk0ZGtkajZlQ0ZmOW1SUUh3d1lOQWdYX2tnZGVZbTV6TmJVdkN5ZHlBN05OTU03cWhkcmlVX2dzNzJGeUl5UXZqVkxhZTB0OFJCeEQ2VE5JcDVEOTFaVUtZRXJDNElqdFJrTENJd2RNaXpnbVFLejZKdXpJT2NHWFYwZUZhS0k2U25zREFlcHNvSko4UlRPX0hJckpKZjBiamVjQzBHaDFkR3R2WlBtbktMcFdqVkMyZkJHbmpRQzl1Yw?oc=5"" target=""_blank"">Dropkick Murphys join military veterans rallying in D.C. to protest federal cuts</a>&nbsp;&nbsp;<font color=""#6f6f6f"">Boston.com</font>","Mon, 09 Jun 2025 13:36:00 GMT",https://news.google.com/rss/articles/CBMixwFBVV95cUxNdkpwaWRZSTd6MnRZeUoxTzBZU3QtN2ZROG5GTGFRdDdzWUNkWGxrUGFaTHpUdnVCM3owNnUyS25DR0N3WDd6M1NzbHdXSHJoTUtWeXJBOTVnRl93N3N1VEJ0blB4Zy1lZW5HUndzNHJXcktKaG9aTGpmME02VXdzdlBIbDZ1T1V6VTJkNVlEWFQyVHhuY2c1QjA1WDB3N1dkSnRxVkc2Ymo1YmYzX1BPZmtNV1gySmQyeUpGaHVSVlF5aWtiVkt30gHPAUFVX3lxTE9rWjhrWlY3bTVrUF9LTDk0ZGtkajZlQ0ZmOW1SUUh3d1lOQWdYX2tnZGVZbTV6TmJVdkN5ZHlBN05OTU03cWhkcmlVX2dzNzJGeUl5UXZqVkxhZTB0OFJCeEQ2VE5JcDVEOTFaVUtZRXJDNElqdFJrTENJd2RNaXpnbVFLejZKdXpJT2NHWFYwZUZhS0k2U25zREFlcHNvSko4UlRPX0hJckpKZjBiamVjQzBHaDFkR3R2WlBtbktMcFdqVkMyZkJHbmpRQzl1Yw?oc=5,Boston.com
news,Protest peacefully but please keep protesting: Senator makes plea to Los Angeles - MSNBC News,"<a href=""https://news.google.com/rss/articles/CBMizAFBVV95cUxQQjlwbndYOFY4dVFabXpZdGtaWjJQenRheTRKbFZZSGtMZ0p6TkJqTmtCdVdySVFPdUNVV3lVVElIZ2puVnJiTThHUnBtR25oYk1LLWdIMnlXUGhnR29DTVJXWkFwNld0MWMyaVNZMkFLNW5xNjMwWGp1NkNzdkwta3lqZFNUcTZLeFZac2tkS2hidFdCU05HQmVremdTYl8zQmZReDFGX2w2WVBtZEswb21Bdzk2T0JIdndsOTBrOHpqaTdVRmpEUUl1OGrSAWRBVV95cUxPUnUxY1JKSHZyUkwxS2RUMGY5RnE1SXVNRjA2cFVjYlpKTjNxdElUY2VyTlhXdk8xX0pXdVF3azg0VTlkVkdfTVRZQ3JJYThMbHRINjdHLV9MZVhuNkNPVFZORlRT?oc=5"" target=""_blank"">Protest peacefully but please keep protesting: Senator makes plea to Los Angeles</a>&nbsp;&nbsp;<font color=""#6f6f6f"">MSNBC News</font>","Mon, 09 Jun 2025 15:11:15 GMT",https://news.google.com/rss/articles/CBMizAFBVV95cUxQQjlwbndYOFY4dVFabXpZdGtaWjJQenRheTRKbFZZSGtMZ0p6TkJqTmtCdVdySVFPdUNVV3lVVElIZ2puVnJiTThHUnBtR25oYk1LLWdIMnlXUGhnR29DTVJXWkFwNld0MWMyaVNZMkFLNW5xNjMwWGp1NkNzdkwta3lqZFNUcTZLeFZac2tkS2hidFdCU05HQmVremdTYl8zQmZReDFGX2w2WVBtZEswb21Bdzk2T0JIdndsOTBrOHpqaTdVRmpEUUl1OGrSAWRBVV95cUxPUnUxY1JKSHZyUkwxS2RUMGY5RnE1SXVNRjA2cFVjYlpKTjNxdElUY2VyTlhXdk8xX0pXdVF3azg0VTlkVkdfTVRZQ3JJYThMbHRINjdHLV9MZVhuNkNPVFZORlRT?oc=5,MSNBC News
news,Anti-ICE protest erupts near DOJ building in D.C. over union leader's detention - CBS News,"<a href=""https://news.google.com/rss/articles/CBMiigFBVV95cUxQRGZPQkJkdkV2dXVZM1VPamZ6WDltVTQwYVNwMlJUbllUM0pELUE1S29MM2d0TDhiRlotNTlpckRoN1A1MDhNSjI4dkIxV2ZhU1oyLVBPRmVKbGgwOUg1SkhORl9BeDVtUC1mRDRBQ1g2cHJlZFRhVDFEb1hrS2hFLU81SjRUdVpoUEE?oc=5"" target=""_blank"">Anti-ICE protest erupts near DOJ building in D.C. over union leader's detention</a>&nbsp;&nbsp;<font color=""#6f6f6f"">CBS News</font>","Mon, 09 Jun 2025 16:30:00 GMT",https://news.google.com/rss/articles/CBMiigFBVV95cUxQRGZPQkJkdkV2dXVZM1VPamZ6WDltVTQwYVNwMlJUbllUM0pELUE1S29MM2d0TDhiRlotNTlpckRoN1A1MDhNSjI4dkIxV2ZhU1oyLVBPRmVKbGgwOUg1SkhORl9BeDVtUC1mRDRBQ1g2cHJlZFRhVDFEb1hrS2hFLU81SjRUdVpoUEE?oc=5,CBS News
news,VIDEO: ‘Emergency’ protest draws hundreds to South Park in opposition of ICE raids - fox5sandiego.com,"<a href=""https://news.google.com/rss/articles/CBMivgFBVV95cUxPeHRNa2J0NDhqSXo2bmFMTElTcTJDaEYwRlNEMzBDNG5WdFBiYnhFVHpHMXY2UE1SUWljVnFLbUh5SUJLckY4TzVIX2VqYUVycjBtNmM0MWlpeUQxLXYzYjNTcVhadm1wRVRPckVleGtQZ19sYWM2b09hbXhOcVp6UG9aOHRyS01oOUNQNGduZ3ozMWphdzQtSjdhRzgzSGN3M296ZEZFWGRTcGJ2TXhZQ3hQTjkteFJHZWpieGhB0gHDAUFVX3lxTFBEV0NSQU9yOFRBakozVnE4Q2R3aU9QRUxZTU4zRUtHd2Z6c1NucmxTZ19oY1JNMHB5TFQ2VFo5RVRBVjdOUVJJSGVTMnhCbzJlTjMwUE5EeVRLZ05lVTl6VUdxZ19fUk5kYlRTcm1EbHMwRVRPT1ozd2F6WWQ2dW9zVlpndm00R0hPWVNiZU1sUlhFaXdCakM0bWhNaDF1VXhYTDBab3M0MWtpaEZwUnltaE82SVQ4UmtURlM5UnU5R0lCcw?oc=5"" target=""_blank"">VIDEO: ‘Emergency’ protest draws hundreds to South Park in opposition of ICE raids</a>&nbsp;&nbsp;<font color=""#6f6f6f"">fox5sandiego.com</font>","Sun, 08 Jun 2025 17:08:17 GMT",https://news.google.com/rss/articles/CBMivgFBVV95cUxPeHRNa2J0NDhqSXo2bmFMTElTcTJDaEYwRlNEMzBDNG5WdFBiYnhFVHpHMXY2UE1SUWljVnFLbUh5SUJLckY4TzVIX2VqYUVycjBtNmM0MWlpeUQxLXYzYjNTcVhadm1wRVRPckVleGtQZ19sYWM2b09hbXhOcVp6UG9aOHRyS01oOUNQNGduZ3ozMWphdzQtSjdhRzgzSGN3M296ZEZFWGRTcGJ2TXhZQ3hQTjkteFJHZWpieGhB0gHDAUFVX3lxTFBEV0NSQU9yOFRBakozVnE4Q2R3aU9QRUxZTU4zRUtHd2Z6c1NucmxTZ19oY1JNMHB5TFQ2VFo5RVRBVjdOUVJJSGVTMnhCbzJlTjMwUE5EeVRLZ05lVTl6VUdxZ19fUk5kYlRTcm1EbHMwRVRPT1ozd2F6WWQ2dW9zVlpndm00R0hPWVNiZU1sUlhFaXdCakM0bWhNaDF1VXhYTDBab3M0MWtpaEZwUnltaE82SVQ4UmtURlM5UnU5R0lCcw?oc=5,fox5sandiego.com
news,Multiple ‘No Kings’ rallies planned in NE Ohio to protest D.C. military parade - Cleveland.com,"<a href=""https://news.google.com/rss/articles/CBMiuwFBVV95cUxQRG5keGpuVTdLb2RPMHNpamc1WkxpeExkeHhNX0UzYXN4SHRSZ2ZqY0RkaVNiV0JtaEFqXzR6LW4yeWZxc2Nyc0xxQ2FCVFl2eG5qaWVoa0ZzcS1EVHVkUk5qdFlZZVNKYzBtNEs3TWpTMzRsZGdETWU0MWl1ZlAybFAyUkdMck54M28yS3dEY09nY3V3Q0MtNnNPbHp5MHpxaENLYlM2QXZWbWpva01SaEVubTlXVUZCRnFR0gHPAUFVX3lxTE1lVTViTHV0cGlZTUcyb3FNM2h2d3lBUm50VHBmbU5hVk1tTkt0MmlGVzhaejlnYlRBb1dJUGZ4SU5WQ0dzYVkwZVZXQm1kVEpBbUFQdkdRbS14aUx1RERvOWhNRldJWjVuSE1hUzlXbnlpOW15SnBmODdsWlh3RzJmTkl4bkZndmpOenFJcHdVcGpvZWZuSzQyLS1yN1ZxSlFVWHF5dzdyODgzLTNhYWNvNFJic2ZtbC0xU3llem5GU1BzUXNGQzNoV19EOHNUcw?oc=5"" target=""_blank"">Multiple ‘No Kings’ rallies planned in NE Ohio to protest D.C. military parade</a>&nbsp;&nbsp;<font color=""#6f6f6f"">Cleveland.com</font>","Mon, 09 Jun 2025 04:11:00 GMT",https://news.google.com/rss/articles/CBMiuwFBVV95cUxQRG5keGpuVTdLb2RPMHNpamc1WkxpeExkeHhNX0UzYXN4SHRSZ2ZqY0RkaVNiV0JtaEFqXzR6LW4yeWZxc2Nyc0xxQ2FCVFl2eG5qaWVoa0ZzcS1EVHVkUk5qdFlZZVNKYzBtNEs3TWpTMzRsZGdETWU0MWl1ZlAybFAyUkdMck54M28yS3dEY09nY3V3Q0MtNnNPbHp5MHpxaENLYlM2QXZWbWpva01SaEVubTlXVUZCRnFR0gHPAUFVX3lxTE1lVTViTHV0cGlZTUcyb3FNM2h2d3lBUm50VHBmbU5hVk1tTkt0MmlGVzhaejlnYlRBb1dJUGZ4SU5WQ0dzYVkwZVZXQm1kVEpBbUFQdkdRbS14aUx1RERvOWhNRldJWjVuSE1hUzlXbnlpOW15SnBmODdsWlh3RzJmTkl4bkZndmpOenFJcHdVcGpvZWZuSzQyLS1yN1ZxSlFVWHF5dzdyODgzLTNhYWNvNFJic2ZtbC0xU3llem5GU1BzUXNGQzNoV19EOHNUcw?oc=5,Cleveland.com
news,National Guard deployed in Los Angeles during protest clashes - USA Today,"<a href=""https://news.google.com/rss/articles/CBMi1AFBVV95cUxQcDN0NFNlQTZ3Z3ZpRmktTEQtN1loazFVTThaeDFpejVwRi1vcXNVUjI3LVNzZzgybkViS1RnZUY5LVpDcUV4LU1aNUxMYlg2eUV3Q0tralctUWhZRnFMSlZBT3NsU1p3MjktY3AwMXlSYmVxSGxGLTVlZEpRVG9zRkdBWnVTMXdtcXJBVng4RmhQakRhaGMwS1BSUUI1cEYtLUZPVm96YWNqWEo4c0Jrb3pjZWRXNU5MV0paVU1jUk8ySEFJb2pDTkhDcVgyNm96MGxYSA?oc=5"" target=""_blank"">National Guard deployed in Los Angeles during protest clashes</a>&nbsp;&nbsp;<font color=""#6f6f6f"">USA Today</font>","Mon, 09 Jun 2025 03:22:30 GMT",https://news.google.com/rss/articles/CBMi1AFBVV95cUxQcDN0NFNlQTZ3Z3ZpRmktTEQtN1loazFVTThaeDFpejVwRi1vcXNVUjI3LVNzZzgybkViS1RnZUY5LVpDcUV4LU1aNUxMYlg2eUV3Q0tralctUWhZRnFMSlZBT3NsU1p3MjktY3AwMXlSYmVxSGxGLTVlZEpRVG9zRkdBWnVTMXdtcXJBVng4RmhQakRhaGMwS1BSUUI1cEYtLUZPVm96YWNqWEo4c0Jrb3pjZWRXNU5MV0paVU1jUk8ySEFJb2pDTkhDcVgyNm96MGxYSA?oc=5,USA Today
news,In pictures: Clashes in Los Angeles for third day after anti-immigration raids - Reuters,"<a href=""https://news.google.com/rss/articles/CBMivgFBVV95cUxON2tScjEwUXIwTEg0WTM5MTdMaVFyRnU4WXpjRlpObXNzdkExdFh5eDFNd0tCaGVqc1VLSmk3ckE3ZmFxa01BOWpJV3Y1UzlRR25yakJjdzZwRFFlNmtnVXBoQ2lTLWRqMGw3eUJhNXgtZjZsLTd0WmhHNzNmcHhmbWlUc0Z3MW1oaGxkVWN6QVdXNHdJNXh3RGdNVnR1VUZxZ180aWVqV1RiRlg5c3I5NXpPSXFZY0dtdmpNS0Fn?oc=5"" target=""_blank"">In pictures: Clashes in Los Angeles for third day after anti-immigration raids</a>&nbsp;&nbsp;<font color=""#6f6f6f"">Reuters</font>","Mon, 09 Jun 2025 12:55:00 GMT",https://news.google.com/rss/articles/CBMivgFBVV95cUxON2tScjEwUXIwTEg0WTM5MTdMaVFyRnU4WXpjRlpObXNzdkExdFh5eDFNd0tCaGVqc1VLSmk3ckE3ZmFxa01BOWpJV3Y1UzlRR25yakJjdzZwRFFlNmtnVXBoQ2lTLWRqMGw3eUJhNXgtZjZsLTd0WmhHNzNmcHhmbWlUc0Z3MW1oaGxkVWN6QVdXNHdJNXh3RGdNVnR1VUZxZ180aWVqV1RiRlg5c3I5NXpPSXFZY0dtdmpNS0Fn?oc=5,Reuters
news,"Hundreds protest ICE, other federal law enforcement action in Minneapolis - Minnesota Reformer","<a href=""https://news.google.com/rss/articles/CBMigwFBVV95cUxQMVlMWDBPeWlFcG92SUMzaktYN1ViemF5NUtlVHNKM21DZU84X0tXU0toeVd2WE8ta1ROQTNUamd4Qm1ndEh4ZHMxVERwUldTc056dnc1N2hKUW5xRFUyQ3I4ekVWZ2l2U0NzQWtjLTVkR2IwVE9NbHNpd3BEYU9HcGw3VQ?oc=5"" target=""_blank"">Hundreds protest ICE, other federal law enforcement action in Minneapolis</a>&nbsp;&nbsp;<font color=""#6f6f6f"">Minnesota Reformer</font>","Tue, 03 Jun 2025 19:16:23 GMT",https://news.google.com/rss/articles/CBMigwFBVV95cUxQMVlMWDBPeWlFcG92SUMzaktYN1ViemF5NUtlVHNKM21DZU84X0tXU0toeVd2WE8ta1ROQTNUamd4Qm1ndEh4ZHMxVERwUldTc056dnc1N2hKUW5xRFUyQ3I4ekVWZ2l2U0NzQWtjLTVkR2IwVE9NbHNpd3BEYU9HcGw3VQ?oc=5,Minnesota Reformer
news,Veterans protest against Trump cuts at DC rally: ‘Promises made to us have come under attack’ - The Guardian,"<a href=""https://news.google.com/rss/articles/CBMiiAFBVV95cUxNUm5hU19LVmZVOEhycG5WbTRrMlpUSjBPYVdCZFdTMDM2aTVnZEVSazdhQkZoMGd2Y2Z1bWxBRTlQYmg0ZDZ4Y25rYS1NeDRGVlJMWjFiSS14eTdRYW1XNXFwSXhVVms3OVdNZDR1bDVUYXZtYzgyRDJKQVNzWDRMbnhWZFFkY3Fj?oc=5"" target=""_blank"">Veterans protest against Trump cuts at DC rally: ‘Promises made to us have come under attack’</a>&nbsp;&nbsp;<font color=""#6f6f6f"">The Guardian</font>","Fri, 06 Jun 2025 21:09:00 GMT",https://news.google.com/rss/articles/CBMiiAFBVV95cUxNUm5hU19LVmZVOEhycG5WbTRrMlpUSjBPYVdCZFdTMDM2aTVnZEVSazdhQkZoMGd2Y2Z1bWxBRTlQYmg0ZDZ4Y25rYS1NeDRGVlJMWjFiSS14eTdRYW1XNXFwSXhVVms3OVdNZDR1bDVUYXZtYzgyRDJKQVNzWDRMbnhWZFFkY3Fj?oc=5,The Guardian
