platform,text,author,date,url,source_subreddit
reddit,700 Marines deployed to Los Angeles amid ICE protests ,InformalWish,2025-06-09 21:32:14,https://abc7.com/post/700-marines-deployed-los-angeles-amid-ice-protests/16707616/,news
reddit,Labor unions around US demand release of union leader arrested in LA protest ,vinr001122,2025-06-09 19:51:11,https://www.theguardian.com/us-news/2025/jun/09/la-protests-david-huerta-ice-raid,news
reddit,FBI adds LA protester to its â€˜Most Wantedâ€™ list for damaging government vehicles ,ChiGuy6124,2025-06-09 16:50:05,https://www.the-independent.com/news/world/americas/crime/fbi-la-protester-most-wanted-list-b2766571.html,news
reddit,"Thousands of veterans rally at National Mall to protest federal layoffs, cuts to services ",apple_kicks,2025-06-09 14:27:52,https://www.stripes.com/veterans/2025-06-06/veterans-rally-national-mall-18036672.html,news
reddit,British photojournalist hit by non lethal rounds during Los Angeles protests ,BigDaddyBain,2025-06-08 17:27:23,https://www.theguardian.com/us-news/2025/jun/08/la-protests-photographer-hit-by-non-lethal-rounds,news
reddit,Protests erupt over immigration raids in Los Angeles ,apple_kicks,2025-06-07 19:50:21,https://abcnews.go.com/US/protests-erupt-immigration-raids-los-angeles/story?id=122604723,news
reddit,"3 teens dead after apparent police chase and crash in Limerick Township, Pennsylvania ",whatareyousomekinda,2025-06-07 00:35:56,https://www.cbsnews.com/philadelphia/news/limerick-township-crash-police-chase-montgomery-county/,news
reddit,Ex-police chief and convicted killer who escaped from Arkansas jail captured ,Somebody_81,2025-06-06 22:29:11,https://apnews.com/article/arkansas-prison-escape-devil-ozarks-grant-hardin-44d5a0f6868f84651902aec05caa45e7,news
reddit,University of Michigan using undercover investigators to surveil student Gaza protesters ,BigDaddyBain,2025-06-06 11:53:38,https://www.theguardian.com/us-news/2025/jun/06/michigan-university-gaza-surveillance,news
reddit,Worcester city councilor charged with assaulting police during ICE operation ,OkEscape7558,2025-06-05 02:08:15,https://www.cbsnews.com/boston/news/worcester-city-councilor-etel-haxhiaj-charged-assault-police-ice/,news
reddit,Trump Deploys Hundreds of Marines to LA in Growing Military Response to Immigration Raid Protests ,dheber,2025-06-09 21:52:51,https://www.military.com/daily-news/2025/06/09/trump-deploys-hundreds-of-marines-la-growing-military-response-immigration-raid-protests.html,politics
reddit,San Francisco police arrest more anti-ICE protesters than Los Angeles ,sideAccount42,2025-06-09 21:40:26,https://www.sfgate.com/bayarea/article/sf-police-arrest-more-anti-ice-protesters-than-la-20368528.php,politics
reddit,700 Marines on high alert to deploy to Los Angeles amid ICE protests ,adamma12345,2025-06-09 21:29:23,https://www.cbsnews.com/news/marines-high-alert-deploy-los-angeles-ice-protests/,politics
reddit,Pentagon Sending 700 Marines to Counter Los Angeles Protests ,BearHugBull,2025-06-09 21:08:45,https://www.bloomberg.com/news/articles/2025-06-09/pentagon-mobilizing-500-marines-to-help-quell-los-angeles-riots,politics
reddit,Kristi Noem Once Called Federal Use of National Guard as 'Attack on States' Rights'. Now She Supports Trump's Use in LA Protests ,PostHeraldTimes,2025-06-09 21:05:44,https://www.latintimes.com/kristi-noem-once-called-federal-use-national-guard-attack-states-rights-now-she-supports-584640,politics
reddit,700 Marines will deploy to Los Angeles after Hegseth warned California to control riots ,mmccxi,2025-06-09 21:04:14,https://nypost.com/2025/06/09/us-news/700-marines-will-deploy-to-los-angeles-after-hegseth-warned-california-to-control-riots/,politics
reddit,Trump Orders in Marines in Dramatic Escalation of L.A. Protests ,External-Noise-4832,2025-06-09 20:44:11,https://www.thedailybeast.com/trump-orders-in-marines-in-dramatic-escalation-of-la-protests/,politics
reddit,"1,800+ 'No Kings' Rallies Planned Across US as Trump Deploys Military to Crush Protests ",Inner-Document6647,2025-06-09 20:23:50,https://www.commondreams.org/news/no-kings-trump-national-guard-los-angeles,politics
reddit,500 Marines are to be deployed at the Los Angeles protests ,Mother_Rule1952,2025-06-09 20:16:58,https://www.wsj.com/politics/national-security/marines-are-deploying-to-los-angeles-area-fe9a4ed6?gaa_at=eafs&gaa_n=ASWzDAjJv01ZTsi_1MviAxRWho3FLR5DYjOsTFSp7mJW-FQtONSrhhMiME0r&gaa_ts=6847448b&gaa_sig=6Ip58-UCp_muT4B7lzClXQlHxzuKd3B3OzyywpAdQkL-ijnGdBRygkPpJtY0ccgKqWdw4YqJsTusSMnp755gog%3D%3D,politics
reddit,Trump admin may send more military to LA amid ICE protestsâ€”Prosecutor ,doopityWoop22,2025-06-09 20:11:43,https://www.newsweek.com/trump-admin-may-send-more-military-la-amid-ice-protests-prosecutor-2083058,politics
reddit,Trump says Los Angeles protesters will be 'hit harder' after clashes with National Guard ,drtolmn69,2025-06-09 20:08:51,https://www.france24.com/en/live-news/20250608-troops-sent-by-trump-reach-protest-hit-los-angeles-over-governor-s-wishes,politics
reddit,Anti-ICE protesters in Los Angeles spit on and burn American flag ,redditor01020,2025-06-09 20:07:02,https://www.foxnews.com/us/anti-ice-protesters-los-angeles-spit-burn-american-flag,politics
reddit,"About 500 Marines being mobilized in response to LA protests, sources tell CNN ",michkennedy,2025-06-09 20:00:06,https://www.cnn.com/2025/06/09/politics/marines-mobilized-los-angeles-protests?utm_medium=social&utm_source=blueskyCNN&utm_content=2025-06-09T19:57:23,politics
reddit,â€˜No Kingsâ€™ nationwide protests: What to know about rallies opposing Trump military parade ,clevelanddotcom,2025-06-09 19:57:50,https://www.cleveland.com/news/2025/06/no-kings-nationwide-protests-what-to-know-about-rallies-opposing-trump-military-parade.html?utm_medium=social&utm_source=redditsocial&utm_campaign=redditor,politics
reddit,"California to sue Trump administration over National Guard deployment, LA braces for fourth day of protests ",Expensive-Horse5538,2025-06-09 19:45:45,https://www.abc.net.au/news/2025-06-10/california-sue-trump-la-protests/105396916,politics
reddit,LA protest crackdown offers Trump two victories â€” and one big risk ,TimesandSundayTimes,2025-06-09 19:43:49,https://www.thetimes.com/us/american-politics/article/trump-la-protests-approval-rating-5zcfd90tz?utm_medium=Social&utm_source=Reddit#Echobox=1749498207,politics
reddit,What History Tells Us to Expect From Trumpâ€™s Escalation in Los Angeles Protests ,marshall_project,2025-06-09 19:32:58,https://www.themarshallproject.org/2025/06/09/los-angeles-ice-national-guard-protests?utm_source=reddit&utm_medium=social&utm_campaign=tmp-reddit,politics
reddit,â€˜Everybody stood upâ€™: Why a union leaderâ€™s arrest galvanized California Democrats on immigration | SEIU California leader David Huerta pressed to raise wages for custodians and other workers for decades before he was detained at a Los Angeles immigration protest. ,SpaceElevatorMusic,2025-06-09 19:28:17,https://calmatters.org/justice/2025/06/seiu-leader-detained-immigration-protest/,politics
reddit,Trump says 'professional agitators' causing LA chaos 'Outnumbered' reacts to President Donald Trump calling Los Angeles immigration protesters 'professional agitators.' ,pipilupe,2025-06-09 19:24:00,https://www.foxnews.com/video/6374059832112,politics
reddit,The Trump Administration Is Turning ICE Raids and Protests Into Reality TV ,wiredmagazine,2025-06-09 19:18:34,https://www.wired.com/story/reality-tv-dr-phil-ice-raids-protests-los-angeles/,politics
reddit,California plans to file lawsuit against Trump over National Guard deployment to protests ,bambin0,2025-06-09 19:15:43,https://apnews.com/article/los-angeles-protests-national-guard-trump-14c9dda32663d7d2c45f2b1c5a1d219c,politics
reddit,Kamala Harris slammed by Cali sheriff for â€˜embarrassingâ€™ LA riots statement blaming Trump ,pipilupe,2025-06-09 18:16:19,https://nypost.com/2025/06/09/us-news/kamala-harris-slammed-by-california-sheriff-for-embarrassing-statement-on-la-riots/,politics
reddit,Reporter Covering LA Protests Hit by Rubber Bullet During Live TV Broadcast ,wijnandsj,2025-06-09 18:12:04,https://www.nytimes.com/2025/06/09/us/la-protests-reporter-shot-lauren-tomasi.html,politics
reddit,â€˜Canâ€™t be silent anymoreâ€™: Hundreds march in Aventura to combat surge in antisemitism ,aslan_is_on_the_move,2025-06-09 18:00:29,https://www.miamiherald.com/news/local/community/miami-dade/aventura/article308166145.html,politics
reddit,Veterans sound alarm after Trump deploys national guard for LA protests ,ChaskaChanhassen,2025-06-09 17:45:49,https://www.theguardian.com/us-news/2025/jun/09/veterans-trump-national-guard-la-protests,politics
reddit,FBI adds one Los Angeles protester to its â€˜Most Wantedâ€™ list for damaging government vehicles ,SAJ-13,2025-06-09 17:38:38,https://www.the-independent.com/news/world/americas/crime/fbi-la-protester-most-wanted-list-b2766571.html,politics
reddit,Protest in Union Sq. Union Sq. 4:30p.m.,TheManO327,2025-06-08 20:42:35,https://v.redd.it/pmveiw5plr5f1,nyc
reddit,NYPD ANNOUNCES RECORD LOW SHOOTINGS AND MURDERS FOR THE FIRST FIVE MONTHS OF 2025 ,GBV_GBV_GBV,2025-06-05 16:35:47,https://www.nyc.gov/site/nypd/news/pr010/nypd-record-low-shootings-murders-the-first-five-months-2025,nyc
reddit,"feeling discouraged and angry about how I was treated yesterday Yesterday was my 6th year volunteering for the Grand Floral Parade as a barrier guide or whatever they're called- we stand at the street closures, helping traffic, welcoming people, watching out for unsocial behavior,  etc. this year it returned downtown after a couple year hiatus on the East side.

The streets are closed the block before the parade for very obvious reasons: safety.  I was there to offer re-routing advice to the cars, of which there was a really simple re-route that only caused an extra few minutes of driving.

Car drivers were so incredibly mean to me. I had to tell several men to stop screaming at me or else I wouldn't help them (they were asking for directions), one guy  thanked me for ""ruining Portland"" by having the street closed to car traffic. This one incredibly trashy woman with three little kids drove the wrong way on two separate streets and after I tried to stop her, she parked her car, got out and came over and screamed in my face about how I was ""breaking the law"". Luckily a police office was right there and went and had a word with her ;)  \[by the way, it isn't like I picked the route or closed the road off, I am just a simple volunteer helping to keep little kids not get ran over by cars\]

all the pedestrians, i.e. people walking to/from the parade, were soooo nice and so many thanked me for being there. that made it worth it, so thank you if you thanked a volunteer. Even some of the homeless people that walked by were really nice, saying good morning and smiling at me as they went about their business. 

but last night, I could not sleep just thinking about all the people screaming at me. I kept thinking about the guy who is in prison because he drove through the parade 3 years ago (very close to where I was stationed)  because he was so mad about the road closures. it is a literal miracle he didn't hit and/or kill someone.

idk, I've lived here my whole 43 years, I love this city, I volunteer at events all the time, giving up much of my free weekends every year because I love this city and then to get treated like this was such a blow. I feel defeated. and I was at a spot where I didn't even get to watch the parade (which is fine,  just really love the parade, it is so cute and wholesome & some years I am at a spot where I can watch it) I kind of want to cry even writing this.",OtherwiseGanache6998,2025-06-08 17:21:18,https://www.reddit.com/r/Portland/comments/1l6hjr2/feeling_discouraged_and_angry_about_how_i_was/,Portland
reddit,"Missed Connection - IBEW48 Rosie ***UPDATED***
You were marching in the Grand Floral Parade with the IBEW Rosie the Riveter Group. I was sitting at 4th and Yamhill and pretended to faint when you walked by. You laughed and I almost passed out for real. I donâ€™t know if youâ€™re gay but I am and Iâ€™m shooting my shot in case you like coffee and short they-thems. 

UPDATE: Surprised this got traction but I appreciate the love! Rosie has been located and DM'd - she's happily partnered but I'm glad I got to solve this little mystery. Wishing Rosie and her partner a very happy pride, thanks for making my month <3",Pocket-Sprite0928,2025-06-07 22:58:32,https://www.reddit.com/r/Portland/comments/1l5xlxb/missed_connection_ibew48_rosie/,Portland
reddit,Man injured in shooting involving Multnomah County deputy in Northeast Portland ,ladyofatreides,2025-06-07 02:45:04,https://katu.com/news/local/man-injured-in-shooting-involving-multnomah-county-deputy-in-northeast-portland,Portland
reddit,"Have dash video of car running red Someone ran a red right in front of me today and I clearly caught it (and their plates) on my dash cam. Iâ€™m feeling extra petty and short with this shit right now and want to report them somehow. 

Is it even worth my time? Even if I provided clear video evidence of something like this to the police, would it result in anything happening?

Edit: wow Iâ€™m surprised by the degree of indifference to this sort of thing. Letâ€™s be clear, Iâ€™m by NO means a stickler for adhering to authority, law, etcâ€¦.having said that, Iâ€™ve watched 5 people run reds in the last like 30 days and itâ€™s straight up sketch as fuck. To me thereâ€™s a serious distinction with this sort of thing when it poses a huge and legit danger to society. Everyone should care about this type of bullshit and stand up against it. 

So to be clear, I was joking when I said I was being petty. I donâ€™t think this is petty at all and I think itâ€™s totally justified and imperative to society to take the time (out of an actually crazy busy day) to try and do something about this. ",mightyduck19,2025-06-07 01:42:08,https://www.reddit.com/r/Portland/comments/1l59bhb/have_dash_video_of_car_running_red/,Portland
reddit,"huge police presence on w burnside and nw 16th ave they pulled over a bus, pulled out their guns, walked up to the bus, then everybody including cops immediately left all within 2 minutes",psychedonpsych,2025-06-06 05:25:34,https://v.redd.it/oszhgmdls85f1,Portland
reddit,Channel 5: Inside LA's Anti I.C.E. Riots (Night 1) ,PlasticGirl,2025-06-09 21:57:12,https://www.youtube.com/watch?v=BE3OYFXW-Eo,LosAngeles
reddit,"How to get supplies to protesters? Hi there! 

I want to be able to drop off masks and milk to folks protesting ICE and Trumpâ€™s stupid ass administration.

Iâ€™m just not sure if there is a drop off point where it would get to the people that need it.

I love this city and I love everyone in it (that is not a cop or military) and I want to support my folks on the front lines. 

Any ideas? 

Also, happy pride. Always remember, the first pride was a riot, and thus, we walk in their shoes to continue our freedom. 
",good1sally,2025-06-09 21:46:44,https://www.reddit.com/r/LosAngeles/comments/1l7hj50/how_to_get_supplies_to_protesters/,LosAngeles
reddit,Another shot of LAPD firing on protestors with their backs turned Protect and serve is just a phrase right? ,the-combat_wombat,2025-06-09 21:22:18,https://i.redd.it/4nxmhqv0yy5f1.jpeg,LosAngeles
reddit,700 Marines deployed to Los Angeles amid ICE protests ,LittleToke,2025-06-09 21:31:13,https://abc7.com/post/700-marines-deployed-los-angeles-amid-ice-protests/16707616/,LosAngeles
reddit,"I would like to join in on the protest tomorrow, but Iâ€™m not sure where to go As the title says I would like to participate in the protest. Iâ€™m not really sure where to go or where to find that information. 

Any help would be greatly appreciated! 

",cysora,2025-06-09 21:04:54,https://www.reddit.com/r/LosAngeles/comments/1l7ghp3/i_would_like_to_join_in_on_the_protest_tomorrow/,LosAngeles
reddit,June 8 Protest Pics I'm not much of a photographer but I managed to take some pics. ,ChampionshipBrief610,2025-06-09 20:56:08,https://www.reddit.com/gallery/1l7g9og,LosAngeles
reddit,"500 Marines being mobilized Source: CNN

Update: revised to â€œabout 700â€ Marines

Roughly 500 Marines based out of the Marine Corps Air Ground Combat Center in California have been mobilized to respond to the protests in Los Angeles, according to three people familiar with the matter, and will join the National Guard troops that were activated by President Donald Trump over the weekend without the consent of Californiaâ€™s governor or the cityâ€™s mayor.

https://www.cnn.com/us/live-news/la-protests-ice-raids-trump-06-09-25#cmbpf2l0s00003b6mldlq5r1h",covert_program,2025-06-09 19:44:03,https://www.reddit.com/r/LosAngeles/comments/1l7edxg/500_marines_being_mobilized/,LosAngeles
reddit,Amazing set of protest photos from u/akhilgeorge (via r/pics) ,VaguelyArtistic,2025-06-09 20:40:10,https://www.reddit.com/r/pics/comments/1l6zmt0/la_protests/?utm_source=share&utm_medium=mweb3x&utm_name=mweb3xcss&utm_term=1&utm_content=share_button,LosAngeles
reddit,Visual timeline shows how the Los Angeles ICE protests unfolded ,CBSnews,2025-06-09 19:55:16,https://www.cbsnews.com/news/los-angeles-ice-protests-timeline/,LosAngeles
reddit,"Protest: ICE @ Embassy Suites Glendale, 6:30 PM It is reported that ICE agents are staying at Embassy Suites in Glendale on Central/Burchett (Central/134). Would anyone like to join me in protesting outside of the hotel at 6:30PM? 

Pasadena was able to get them out of their hotel.. hoping we can do the same. ",littlefatbaby,2025-06-09 20:22:58,https://www.reddit.com/r/LosAngeles/comments/1l7feuo/protest_ice_embassy_suites_glendale_630_pm/,LosAngeles
reddit,"[OUR WEBSITE] LA Unified leaders decry immigration raids as stoking fear during graduation season Los Angeles Unified leaders on Monday decriedÂ [federal immigration raids](https://laist.com/news/federal-agents-immigration-raids-across-la)Â for stoking fear as thousands of students celebrate the end of the school year.

â€œGraduation season is sacred. It is a time of celebration, not intimidation,â€ said LAUSD Board Vice President RocÃ­o Rivas. â€œItâ€™s a time for honoring student achievement, not inflicting fear. Sending ICE into our communities at this moment is a deliberate act.â€

Superintendent Alberto Carvalho and the Board of Education convened the news conference at the districtâ€™s headquarters in downtown L.A. to condemn the immigration enforcement actions, ask the federal government to recall the National Guard and outline steps to protect students, families and employees as the school year ends.

The district will increase school police presence at dozens of high school graduation ceremonies Monday and Tuesday.",WeAreLAist,2025-06-09 20:07:00,https://laist.com/news/education/la-unified-ice-national-guard-response,LosAngeles
reddit,Trump tells officers to use excessive force if protesters spit at them ,Dependent_Tutor_5289,2025-06-09 19:27:36,https://www.reddit.com/gallery/1l7dyji,LosAngeles
reddit,"Who? part 2 the chants of ""SHAME"" were some of my favorite moments yesterday. that and the signs for neighbors and folks looking out for the health and safety of neighboring protestors. 

i haven't been taking photographs at protests for a few years now, been thinking about the anonymity of protestors since it became more of a subject in 2020, but was compelled to yesterday. 

continued strength and safety to those who choose to show up throughout the following days. ",Used-Cash-1633,2025-06-09 18:46:21,https://www.reddit.com/gallery/1l7cvwe,LosAngeles
reddit,DHS Black Hawks and Military Aircraft Surveil the LA Protests ,thatkidwithayoyo,2025-06-09 18:46:29,https://www.404media.co/dhs-black-hawks-and-military-aircraft-surveil-the-la-protests/,LosAngeles
reddit,History repeats itself Recently found some old news clippings from the 1992 Rodney King protests and thought the timing was fitting to share.,heyhowyadewin,2025-06-09 17:54:08,https://www.reddit.com/gallery/1l7bjbm,LosAngeles
reddit,Rapper The Game shares support for Latino community amid anti-ICE protests: â€˜I stand with yâ€™allâ€™ ,Radiant_Chemical7488,2025-06-09 18:03:55,https://www.foxla.com/news/rapper-the-game-speaks-out-on-la-ice-protests.amp,LosAngeles
reddit,"Anybody know trusted protest organizers? Looking to get more informed and involved with the community in defense to what the administration is currently doing. I think Iâ€™m finally mad enough to want to be out there ACTUALLY protecting and serving for our rights. As an introvert I hate speaking my mind and sharing my ideas, but as a human I know I can better help oragnize and maybe orchestrate. Please reach out

Sincerely, Fed Up.",Ok-Dog-887,2025-06-09 17:47:17,https://www.reddit.com/r/LosAngeles/comments/1l7bcsh/anybody_know_trusted_protest_organizers/,LosAngeles
reddit,"Classic blue Dodger caps could be a way to make protesters extremely hard to affirmatively identify. We all know the so-called administration is going to do everything in its power to capture and prosecute those protesting ICE and the military's invasion of our city. What if most of these protesters are wearing the same hat? They help to obscure faces which is the easiest way to identify people both in the moment and through photos after the face. People at immediate risk of being detained could slip back into a sea of Dodger blue hats and the cops will lose them.  

They are such a central part of LA street style so protesters could easily duck away from the protests and pose as passersby. If we start doing this, it's not like they can arrest everyone in LA who dares to walk around in a Dodger hat. Not to give them any ideas, but they'd have to turn Dodger Stadium into a makeshift jail to do that. 

Much of our city already owns a Dodger hat and they are easily accessible to those who don't. This is just a potential strategy to make things a bit harder on the fascists invading our city and, ideally, waste a lot of their time trying to discern specific Dodger hat wearers from crowds of Dodger hat wearers. ",KTnash,2025-06-09 17:30:32,https://www.reddit.com/r/LosAngeles/comments/1l7awt9/classic_blue_dodger_caps_could_be_a_way_to_make/,LosAngeles
reddit,ICE Protests DTLA 6/8/25 ðŸ“¸ Ian Zandi,ianzandi,2025-06-09 15:52:08,https://www.reddit.com/gallery/1l78cz3,LosAngeles
reddit,Protester trampled by police horses and then shot in the head with a rubber bullet at close range ,aIIisonmay,2025-06-09 15:40:33,https://v.redd.it/ixz28du19x5f1,LosAngeles
reddit,"REMEMBER THE HUMAN **REMEMBER THE HUMAN**

We are all human. Be respectful. Be kind. Be courteous. Have extra grace for people. We are a strong community, and that is dangerous to them. Being a strong community means that we will be attacked, but we will also come together, stand together, and PEACEFULLY protest the atrocities being committed by ICE and the Trump Administration.

r/LosAngeles stands with the Los Angeles Community and condemns the violent ICE raids and Military Deployment in our city against American citizens and innocent immigrants. We do NOT support the ICE raids and we do NOT support the kidnapping and trafficking of innocent people. This is an affront against Los Angeles and all Americans, and we as a community will not sit back and let it happen without fighting back with peaceful protests, a strong and passionate commentary, and with dedication to our friends, family, the Greater LA community, and America as a whole. This isn't a problem just for Angelino's, this is a problem for all Americans.

Agitators are not welcome here. Racists are not welcome here. Bigots are not welcome here. **Hate is not welcome here.** And we will stand up and root it out together.

All Our Love,

r/LosAngeles Mods

**Reminder: Use the report button.** If you see someone posting hateful/racist/inciteful/harrassing/violent comments, report them to us so we can remove the comment(s) and/or ban the user. REDDIT RULES STATE THAT VIOLENCE IS NOT TOLERATED ON THIS SITE -- DO NOT POST COMMENTS SUGGESTING VIOLENCE TOWARDS ANYONE. We have a lot of traffic from everywhere today and we need everyone to work together to make sure we can keep everyone informed and keep the sub from getting clogged up with distractions and arguments.",drawkward101,2025-06-09 17:13:19,https://www.reddit.com/r/LosAngeles/comments/1l7agh4/remember_the_human/,LosAngeles
reddit,LA protests went from small to substantial over three days. Here's what unfolded ,usatoday,2025-06-09 15:20:09,https://www.usatoday.com/story/news/nation/2025/06/09/la-protests-timeline-ice/84106969007/,LosAngeles
reddit,"LA protests question from England Iâ€™ve been seeing so much about the protests. Firstly, I commend you. Fuck ICE. I canâ€™t imagine how scary it is there at the moment. 

From this far away I have so many questions. LA houses some of the most rich and famous, am I blind? I havenâ€™t heard much from celebrities who live in LA or Hollywood. I assumed some would post in support (I donâ€™t have much social media tho). As they housed so far away they arenâ€™t affected by the protests & the destruction? 

Secondly, I have seen the issues between Elon & Trump. Is this in any way connected or is this a completely separate issue that Trump has managed to involve himself in? 

I apologise if what Iâ€™ve asked seems insensitive. Itâ€™s not intentional. I just have seen so many images and read some posts on this group and Iâ€™m just baffled that this isnâ€™t a topic i can discuss with my friends - who seem largely unaware or uninterested. ",KetchupKittens,2025-06-09 14:11:34,https://www.reddit.com/r/LosAngeles/comments/1l75u2o/la_protests_question_from_england/,LosAngeles
reddit,Beware of Agent Provocateurs Theyâ€™ll start the violence and the property damage. I remember during the Standing Rock protest there was one agent who was working for the energy company and the protestors caught him as he tried to instigate violence by brining an automatic weapon.,lasvegasduddde,2025-06-09 10:40:57,https://www.reddit.com/r/LosAngeles/comments/1l71hyl/beware_of_agent_provocateurs/,LosAngeles
reddit,"Should I Keep My Windows Closed After Tear Gas Deployment Nearby? If police deployed a large amount of tear gas (thousands of canisters) within 10 blocks of your location, even if it has been around 12 hours, you should still take precautions. Tear gas particles can linger much longer than many people realize.

How long does tear gas remain in the air?

Typically, tear gas disperses from the air within minutes to hours, depending on:
	â€¢	Weather conditions (humidity, rain, wind)
	â€¢	Amount deployed (large deployments can leave residues for significantly longer)
	â€¢	Surrounding environment (urban structures can trap gas particles)

In cases of heavy deployment (like thousands of canisters), residual contamination can last from several hours to even days, especially in areas that have not been cleaned or ventilated properly.

Recommended Safety Steps:
	â€¢	Keep windows and doors closed: Prevent lingering particles from entering your home.
	â€¢	Seal gaps and cracks: Use towels or tape if you notice irritation or odor.
	â€¢	Run air purifiers: Use ones with HEPA filters and activated carbon if available.
	â€¢	Avoid outdoor exposure: Limit your time outside until youâ€™re sure the air has cleared.
	â€¢	Clean exposed surfaces: If your windows were open earlier, clean surfaces with soap and water or mild detergent while wearing gloves.
	â€¢	Protect pets: Animals and especially birds can be sensitive to irritants, in some cases deadly, so keep them indoors and monitor their health.

Health Risks:

Even minor exposure can cause:
	â€¢	Eye irritation (redness, tearing)
	â€¢	Respiratory discomfort (coughing, shortness of breath)
	â€¢	Skin irritation (burning sensation)

If you experience any severe or prolonged symptoms, seek medical attention promptly.

Check Local Air Quality:

Monitor local air quality reports or community updates to know when itâ€™s safe to reopen windows and resume normal activities.

Stay safe!",nicepresident,2025-06-09 12:50:37,https://www.reddit.com/r/LosAngeles/comments/1l73yil/should_i_keep_my_windows_closed_after_tear_gas/,LosAngeles
reddit,"Street-level view of van driver targeting crowd before doing donuts Not my vid, just saw it posted and figured Iâ€™d share. Canâ€™t crosspost from the original sub cuz of rules, but a lot of us saw the chopper feed or gonna see clips of van guy.

The feed I was watching only locked in after he started doing donuts, which makes sense, a lot was going on. But outta context it looks like just a protester wildin in the street. I doubt he was, but idk.

He tried to ram the crowd first and dipped while getting chased. Makes sense now why folks were throwing stuff at the van. ",rj_motivation,2025-06-09 07:48:02,https://v.redd.it/du0vrhuqwu5f1,LosAngeles
reddit,ICE protests around Roybal Center 6/8/25 ,prince_sus,2025-06-09 05:25:50,https://www.reddit.com/gallery/1l6wqhz,LosAngeles
reddit,"Temple and Main downtown about an hour ago. https://reddit.com/link/1l6xh5b/video/rjnpm8emfu5f1/player

The police let me ride on through then blocked us all in and got mad at us because we couldn't get out? I was on my bike with first aid and water.",Mkheir01,2025-06-09 06:13:16,https://www.reddit.com/r/LosAngeles/comments/1l6xh5b/temple_and_main_downtown_about_an_hour_ago/,LosAngeles
reddit,"Why isnâ€™t the LA media reporting on the victims? I get that itâ€™s easy to cover the protests and burning cars make for good pictures, but where is the coverage on what ICE is doing at the same time? There are so many videos on social media of workers getting abducted, sometimes violently all over LA.

Where are the interviews with witnesses, neighbors, family members, business owners? Every interview appears to be with federal agents and officials, police chiefs or commanders or sheriffs. 

Frustratingly waiting on LA journalists to do their job.",etherlore,2025-06-09 04:48:54,https://www.reddit.com/r/LosAngeles/comments/1l6w4yz/why_isnt_the_la_media_reporting_on_the_victims/,LosAngeles
reddit,"The kids are outside Downtown popping off all over. I didn't see a single person from ice or the national guard, but a couple of cops were trying very, very hard to provoke protesters by assaulting them with batons. It didn't work, but stay embarrassing LAPD",MoneyFluffy2289,2025-06-09 00:26:24,https://www.reddit.com/gallery/1l6r8y4,LosAngeles
reddit,"Gov. Gavin Newsom in Los Angeles, he is putting all of this on Trump except for opportunistic violence, he has all the protestors backs and wants to keep peaceful protesters safe ",con_carne2,2025-06-09 04:52:52,https://www.msnbc.com/msnbc/watch/gov-newsom-tells-president-trump-to-stand-down-amid-l-a-protests-241152581707,LosAngeles
reddit,"Australian reporter intentionally shot with rubber bullet You can see him aim and intentionally shoot her. WTF. Great look for the international news. ðŸ˜ 
https://www.9news.com.au/world/los-angeles-ice-arrest-protest-riots-australian-9news-reporter-lauren-tomasi-struck-by-rubber-bullet/ca0185c4-260e-4a90-a214-aa7c5532a7c6",Dessert_Stomach,2025-06-09 04:21:45,https://www.reddit.com/r/LosAngeles/comments/1l6voxg/australian_reporter_intentionally_shot_with/,LosAngeles
reddit,"LAPD chief just said if anyone dies in a protest, protesters can be charged with murder. ",Mulliganasty,2025-06-09 03:29:36,https://www.youtube.com/watch?v=OYsNYS4Mt3Q,LosAngeles
reddit,"No Kings March: Saturday June 14th This is happening nationwide, itâ€™s crucial we send a peaceful message. This is bigger than political parties. Whether you disagree or not, this is our American right and duty. 

See you guys there. 12-2PM Daley Plaza

https://mobilize.us/s/R6a8fc",spencerm269,2025-06-08 22:14:05,https://www.reddit.com/r/chicago/comments/1l6ofkx/no_kings_march_saturday_june_14th/,Chicago
reddit,Anyone else fed up with sports teams getting police escorts? I have the unfortunate reality of living off Irving Park and also I am on the Kennedy frequently. Anyone else annoyed by the fact thatâ€™s sports teams get police escorts everywhere on their buses and donâ€™t have to wait in traffic like us plebs? ,shades_of_jay,2025-06-06 22:56:54,https://www.reddit.com/r/chicago/comments/1l55zt7/anyone_else_fed_up_with_sports_teams_getting/,Chicago
reddit,Chicago Police Officer Killed in the Line of Duty ,rckid13,2025-06-06 13:44:03,https://www.cbsnews.com/chicago/news/chicago-police-officer-shot-chatham-neighborhood/,Chicago
reddit,"Chicago police, suburban departments seen assisting ICE during chaotic immigration enforcement blitz ",Traditional-Tea2869,2025-06-06 00:03:01,https://unraveledpress.com/chicago-police-suburban-departments-seen-assisting-ice-during-chaotic-immigration-enforcement-blitz/,Chicago
reddit,"Consequences for reckless driving slowly returning? For the first time in YEARS, I have seen several drivers pulled over by police on my way to and from work.   Iâ€™m tired of having to slam on my brakes as people blow red lights, cut me off and in general act like are the only ones on the road. I actually biked very little last summer due to how bad traffic had gotten the past few years and didnâ€™t want to get taken out. Hopefully this will lead to a little more consideration for others on the road.",jaflores13,2025-06-05 16:30:10,https://www.reddit.com/r/chicago/comments/1l43nwk/consequences_for_reckless_driving_slowly_returning/,Chicago
reddit,"Most Every day getting off my train Free Palestine Protestors Outside Ogilvie. It use to be hundreds blocking the street and cops arresting and such. Now it's these 1,2 or 3 guys every day or two. 

https://imgur.com/a/pwXbGIG",Easycumup,2025-06-05 14:47:38,https://v.redd.it/k1mfq8suf45f1,Chicago
reddit,"Police investigate after woman assaulted, â€˜thousandsâ€™ stolen in home invasion targeting Capitol Hill mansion ",Inevitable_Engine186,2025-06-09 19:07:05,https://www.capitolhillseattle.com/2025/06/police-investigate-after-woman-assaulted-thousands-stolen-in-home-invasion-targeting-capitol-hill-mansion/?utm_source=dlvr.it&utm_medium=bluesky,Seattle
reddit,Seattle police investigating U District shooting ,chiquisea,2025-06-09 18:09:32,https://www.kuow.org/stories/seattle-police-investigating-shooting-after-large-party-in-u-district,Seattle
reddit,"any anti-ICE protests today? Iâ€™m done with watching this shit, laying in bed depressed, staring at my phone. Iâ€™m fucking pissed.",what-a-moment,2025-06-09 16:41:37,https://www.reddit.com/r/Seattle/comments/1l79mz0/any_antiice_protests_today/,Seattle
reddit,"Stolen Bike I know this is a long shot. 

My brown Kona Rover bike with bright turquoise pedals  was stolen today around 7:35 pm near Wallingford area and was tracked down around UW campus.

If anyone sees it around or maybe for sell somewhere - could you message me?

(I already filed a police report and the UW police found my phone in the bushes ðŸ™ŒðŸ¼)",_collectionofcells,2025-06-09 06:04:30,https://www.reddit.com/gallery/1l6xcea,Seattle
reddit,"Evil Bigot Defeated at Pride in the Park Here we see notorious bigot and street preacher Matthew Meinecke laying on the ground in the parking lot after a group of angry attendees non-violently blocked him and his hateful sign from re-entering the Pride in the Park event in Seattle. As a human wall formed to impede his path, he responded by trying to push through the wall while shrieking, â€œStop hurting me! My leg! My leg!â€â€”despite the fact that no one had laid a finger on him.

Every attempt he made to push forward into the event was met with firm, non-violent resistance. At one point, he pressed his full body weight against a woman half his size, who resolutely held her ground. Itâ€™s hard not to assume he singled her out as an easy target, believing she was the weakest link in the group. Security personnel were present and helped keep the situation as peaceful as possible. Ironically, the only instance of physical aggression came from Matthew himselfâ€”against the woman he pushed. She eventually walked away after he sat down mid-tantrum and began crying like the six-foot-five man-baby he is.

Not long after, he sat down on top of his hate-sign, and called the Seattle Police Department in a desperate attempt to have them play â€œCaptain Save-a-Hoe,â€ begging for an escort into the park. Despite nearly an hour of melodramatic sobbing and posturing, SPD did not intervene. At one point, he laid face down, rear in the air, on top of his own signâ€”an oddly fitting pose for the occasionâ€”and continued his tantrum. In a display of compassion he didnâ€™t deserve, members of the very crowd he antagonized offered him water, assistance, and even a free trans pride flag, visible in my attached photos.

Eventually, I left him to his theatrics and returned to the festivities inside, where the mood was joyfully free of hate. Upon my exit later, SPD had finally arrived but still declined to assist him. The crowd remained firm, peacefully blocking his re-entry. He tried again to force his way through, only to walk into a tree and trip over a curb, all while screaming that he was being assaultedâ€”claims the officers clearly didnâ€™t believe, as no arrests were made.

I missed the final act of his performanceâ€”because frankly, I had better things to do. Like lesbian sex. ðŸ˜‚ðŸ¤£",LilyLynne,2025-06-08 14:04:51,https://www.reddit.com/gallery/1l6cxsa,Seattle
reddit,Police in Cap Hill Saturday night (6/7) Anyone know what happened in Cap Hill tonight? Saw like 10+ police cars parked near Harvard garage and many officers were searching around the garage holding large guns.,Tricky_Revolution_45,2025-06-08 09:30:14,https://www.reddit.com/r/Seattle/comments/1l685q3/police_in_cap_hill_saturday_night_67/,Seattle
reddit,"Solidarity Is there a protest planned to show support to LA? Theyâ€™ve federalized the national guard under Title 10 and will be deploying them into LA.

Not only that, ICE has been very active the past few days in the Seattle area from what Iâ€™ve seen.


I know the 14th is coming up, but was wondering if somethings being thrown together in response to the crisis in LA sooner.",sleepyenzyme,2025-06-08 08:40:43,https://www.reddit.com/r/Seattle/comments/1l67g9o/solidarity/,Seattle
reddit,Police shooting claims one life in SE Oklahoma City ,ThePocketFriend,2025-06-04 18:12:21,https://freepressokc.com/police-shooting-claims-one-life-in-se-oklahoma-city/,BlackLivesMatter
reddit,George Floydâ€™s brother: I always knew â€˜defund policeâ€™ missed the point ,TimesandSundayTimes,2025-05-27 16:44:11,https://www.thetimes.com/us/american-politics/article/george-floyd-black-lives-matter-7kqv3t0z8,BlackLivesMatter
reddit,"Girl, 17, injured in brutal body slam by police in Southern California ",Fcking_Chuck,2025-05-26 20:28:44,https://ktla.com/news/local-news/girl-17-injured-in-brutal-body-slam-by-police-in-southern-california/,BlackLivesMatter
reddit,"On May 25, 2020, Police officer Derek Chauvin's knee pinned African American George Floyd to the ground during his arrest and murder while he was being held in Minneapolis police custody, according to video that sparked national outcry and protests ðŸ‡ºðŸ‡¸. ",AcademicComparison61,2025-05-25 10:06:55,https://i.redd.it/pipl1lfkjw2f1.jpeg,BlackLivesMatter
reddit,Miami Police Cleared in Shooting of Mentally Ill Man With Screwdriver ,Impossible_Big_2641,2025-05-16 17:45:34,https://www.miaminewtimes.com/news/miami-police-cleared-in-shooting-of-mentally-ill-man-with-screwdriver-23113047,BlackLivesMatter
reddit,Tyre Nichols death: Ex-police officers found not guilty of murdering motorist in US ,FruitOrchards,2025-05-07 19:28:58,https://news.sky.com/story/tyre-nichols-death-ex-police-officers-found-not-guilty-of-murdering-motorist-in-us-13363351,BlackLivesMatter
reddit,"On this day April 20, 2021, Former police officer Derek Chauvin convicted of the murder of George Floyd in Minneapolis, in a case that prompted huge nationwide racial justice protests ðŸ‡ºðŸ‡¸. ",AcademicComparison61,2025-04-20 15:06:18,https://i.redd.it/emhzwp0790we1.jpeg,BlackLivesMatter
reddit,Please support and call for the reprimand and termination of the Roanoke Police Officers Involved ,WycheTheGod,2025-04-13 03:57:26,/r/roanoke/comments/1jm5mcd/anybody_have_info_on_the_viral_roanoke_police/,BlackLivesMatter
reddit,Shooting someone in the BACK 5 times = self defense ?? ,unknown,2025-03-19 06:14:51,https://www.reddit.com/r/BlackLivesMatter/comments/1jeqkio/shooting_someone_in_the_back_5_times_self_defense/,BlackLivesMatter
reddit,Justice Department deletes database tracking federal police misconduct ,Fcking_Chuck,2025-02-21 16:27:02,https://www.washingtonpost.com/dc-md-va/2025/02/20/trump-justice-nlead-database-deleted/,BlackLivesMatter
reddit,Find a protest near you! https://www.findaprotest.info/?radius=5,sensitivesashimi,2025-02-18 16:42:25,https://www.reddit.com/r/BlackLivesMatter/comments/1ish10e/find_a_protest_near_you/,BlackLivesMatter
reddit,Chief Bob Day Statement on 2022 Normandale Park Shooting ,lispstickgardening,2025-02-02 14:41:03,https://youtu.be/9qmL3eamJLY?si=eTuYoQddrPNbjOjj,BlackLivesMatter
reddit,"Requesting police accountability should not be stigmatized
 ",Friendly-Builder-468,2025-01-17 04:52:47,https://i.redd.it/hh352fa2jhde1.png,BlackLivesMatter
reddit,"Urgent Help Needed - NYC Hi everyone, 

Iâ€™m reaching out because my loved one was recently arrested, and Iâ€™m looking for legal advice or resources to help navigate this situation. Specifically, Iâ€™d appreciate recommendations for:

	â€¢	Lawyers who specialize in police misconduct or unfair treatment
	â€¢	Organizations or groups that advocate for justice in Black communities
	â€¢	Any legal aid programs that offer affordable or free assistance

This has been an overwhelming experience, and I want to ensure weâ€™re handling it the best way possible. If you know of anyone or have been through something similar, please share any advice or contacts. If these topics have been shared before, please feel free to redirect me. Im also open to DMs regarding this situation. 

Thank you so much for your support, and have a great New Year.",Reasonable_Split_613,2025-01-01 01:33:59,https://www.reddit.com/r/BlackLivesMatter/comments/1hqsvp7/urgent_help_needed_nyc/,BlackLivesMatter
reddit,Police body-cam footage of NY Corrections officers beating Robert Brooks to death on December 9th ,TheYellowRose,2024-12-28 02:53:58,https://v.redd.it/pbndll3icg9e1,BlackLivesMatter
reddit,MO Governor pardons a police officer convicted of lynching ,TheYellowRose,2024-12-24 23:35:32,https://i.redd.it/8hvqqcmpwu8e1.jpeg,BlackLivesMatter
reddit,Ontario chief coroner investigating death of Windsor man outside police headquarters ,GoTellSomeOne,2024-12-13 03:51:15,https://windsorstar.com/news/local-news/ontario-chief-coroner-investigating-death-of-windsor-man-outside-police-headquarters?tbref=hp,BlackLivesMatter
reddit,"How to start a protest? Hey !! So I've never organized a protest before, but I *really* want to, and was hoping I could get some advice, maybe some do's and don't's? 

much love !!",Wandamaxipad,2024-12-12 21:22:37,https://www.reddit.com/r/BlackLivesMatter/comments/1hcvs3n/how_to_start_a_protest/,BlackLivesMatter
reddit,"Las Vegas police kill victim of home invasion, Brandon Durham, who called 911 for help - ABC7 Los Angeles ",TheYellowRose,2024-11-18 02:46:00,https://abc7.com/post/las-vegas-police-kill-victim-of-home-invasion-who-called-911-for-help/15549861/,BlackLivesMatter
reddit,White woman found guilty of shooting black woman  [https://www.nbcnews.com/news/us-news/florida-woman-fatally-shot-neighbor-rcna166629](https://www.nbcnews.com/news/us-news/florida-woman-fatally-shot-neighbor-rcna166629),Remarkable-Rate-9688,2024-11-11 01:20:59,https://www.reddit.com/r/BlackLivesMatter/comments/1gogg0q/white_woman_found_guilty_of_shooting_black_woman/,BlackLivesMatter
reddit,"cousin killed by police and iâ€™m looking for resources hi, iâ€™m sorry if this is not appropriate but iâ€™ve been looking all over and havenâ€™t been able to find anything. my cousin that was like a brother to me was killed by police in a mental health center while having a schizophrenic episode. he is not black however i absolutely do believe this is a case of unnecessary use of deadly force. iâ€™m having a very hard time coping, i feel like the police are lying about what happened because it doesnâ€™t add up and theyâ€™re releasing as little information as possible about the incident while releasing information about my cousinâ€™s mental health and â€œcrimesâ€. i would really appreciate it if anyone could point me towards resources or groups with people who have been through something similar. thank you. 

edit: i am not looking for legal resources since im leaving that up to my uncle, im more so looking for emotional support",MedusaRondanini,2024-11-07 17:19:07,https://www.reddit.com/r/BlackLivesMatter/comments/1glvoyn/cousin_killed_by_police_and_im_looking_for/,BlackLivesMatter
reddit,Remember: Trump wants to give police immunity ,hoodratpolitics,2024-10-31 17:30:44,https://v.redd.it/d89fgwpwm4yd1,BlackLivesMatter
